"date","Plate.SN","well","treatment","dose","units","wllq_by_well","wllq_notes_by_well","meanfiringrate_auc","burst.per.min_auc","mean.isis_auc","per.spikes.in.burst_auc","mean.dur_auc","mean.IBIs_auc","nAE_auc","nABE_auc","ns.n_auc","ns.peak.m_auc","ns.durn.m_auc","ns.percent.of.spikes.in.ns_auc","ns.mean.insis_auc","ns.durn.sd_auc","ns.mean.spikes.in.ns_auc","r_auc","mi_auc"
"20211103","MW502622D","A2","DMSO","0","uM","1","",6.124666,2.715,0.107932,174.568438,0.7855,259.763188,32,14.5,27,14.833333,0.284709,28.708712,75.436765,0.018792,138.583333,0.405004,0.010188
"20211103","MW507214B","A2","DMSO","0","uM","1","DIV9 estimated as median from corresponding wells of 20211103_MW502622B,20211103_MW502622D; ",4.720487,4.681,0.225477,83.3634,3.6259,240.34945,28.75,23.75,25.5,48.823529,0.721032,11.163454,754.775,0.116915,243.970588,0.243683,0.007629
"20220209","MW89-4613","A2","DMSO","0","uM","1","",7.906631,6.822054,0.058723,336.671129,2.22071,238.539862,69,61,121.5,58.670765,1.360997,53.277603,210.008068,0.359962,494.702186,2.007649,0.087063
"20220209","MW89-4616","A2","DMSO","0","uM","1","",5.159471,6.135,0.192736,227.4095,1.902727,126.621,51,20.5,106.5,45.180556,1.053025,91.594997,213.224261,0.340078,368.671627,2.164592,0.05963
"20211103","MW502622B","B2","DMSO","0","uM","1","",3.51053,4.9275,0.038935,97.4445,0.844031,35.971031,29,24,31.5,24,0.337697,21.94182,37.71,0.092108,264.357143,0.453729,0.015896
"20211103","MW507214B","B2","DMSO","0","uM","1","DIV9 estimated as median from corresponding wells of 20211103_MW502622B,20211103_MW502622D; ",7.550393,8.803,0.266502,77.572875,2.22825,232.961375,32.75,19.25,13.5,47.166667,0.773257,3.078126,813.640625,0.149786,207.166667,0.087714,0.004383
"20220209","MW89-4613","B2","DMSO","0","uM","1","",6.818447,6.124,0.387655,343.932536,5.068971,425.585464,81,50.5,109.5,82.157012,1.545105,85.885425,547.87375,0.550002,689.00686,2.180746,0.065213
"20220209","MW89-4615","B2","DMSO","0","uM","1","",6.792363,6.35961,0.016241,136.43925,0.671625,22.584125,82,18,109,89.313559,1.479931,92.641027,870.663434,0.280035,905.567797,2.126223,0.075315
"20211103","MW502622B","C2","DMSO","0","uM","1","",6.518762,6.519375,0.234098,152.645813,1.770781,131.088688,48.5,26.5,82,46.735849,0.806531,22.670026,24.522115,0.075897,170.688679,0.441587,0.025855
"20211103","MW502622D","C2","DMSO","0","uM","1","",6.627898,3.522857,0.430432,101.789036,4.909321,253.822036,40.5,23.5,39,21.576923,0.249171,33.1557,50.805,0.033506,220.153846,0.420545,0.015324
"20220209","MW89-4615","C2","DMSO","0","uM","1","",4.840297,4.892,0.140109,316.654024,3.918667,449.130536,80,30.5,65.5,93.888889,1.582694,79.858004,837.365385,0.298816,857.738889,1.868478,0.044389
"20220209","MW89-4616","C2","DMSO","0","uM","1","",5.52307,6.396039,0.340625,452.761821,8.303607,268.521964,80.5,60,70,81.95,1.689502,80.844808,617.122249,0.28539,792.05,2.358354,0.052245
"20211103","MW502622B","D2","DMSO","0","uM","1","",5.990186,7.255625,0.138148,135.904594,2.728563,300.449656,43,26.5,58.5,50.269608,0.907763,18.790598,333.05,0.180412,227.794118,0.515758,0.024591
"20220209","MW89-4615","D2","DMSO","0","uM","1","",8.853224,7.802163,0.281108,307.810967,4.026367,210.73955,92.5,41.5,106,84.074359,1.609946,63.199071,977.997348,0.483031,740.274359,1.716961,0.065337
"20211103","MW502622D","E2","DMSO","0","uM","1","",2.964848,2.994545,0.044042,57.6015,0.714273,50.846591,21.5,16.5,27,19.083333,0.240227,17.171911,49.751471,0.049098,149.166667,0.222552,0.007675
"20220209","MW89-4616","E2","DMSO","0","uM","1","",6.021271,6.183956,0.052324,349.637882,2.372401,195.668025,87,54.5,108.5,89.471154,1.37629,148.678605,584.391447,0.165638,856.633654,2.66431,0.077542
"20211103","MW507214B","F2","DMSO","0","uM","1","DIV9 estimated as median from corresponding wells of 20211103_MW502622B,20211103_MW502622D; ",5.812869,4.17625,0.216703,88.5082,1.6805,241.51895,41.25,23.75,31.5,49,0.686877,11.282211,749.99375,0.101009,220.142857,0.333599,0.009165
"20220209","MW89-4613","F2","DMSO","0","uM","1","",4.509665,5.001136,0.051055,352.566591,1.889182,262.297636,45.5,44,115.5,51.258065,1.157029,99.561384,250.874436,0.233975,516.387097,2.012038,0.071516
"20211103","MW502622D","D2","EtOH","0","uM","1","",3.644591,5.436429,0.039526,98.820321,0.799607,34.701214,26,21,84,19.044643,0.333339,32.044561,20.807727,0.077161,148.446429,0.422708,0.022218
"20220209","MW89-4616","D2","EtOH","0","uM","1","",6.720947,5.980714,0.396334,371.74125,4.364786,202.476036,70.5,35.5,67,83.704545,1.174152,76.847449,998.119156,0.213561,706.011364,1.886058,0.044659
"20211103","MW507214B","E2","EtOH","0","uM","1","DIV9 estimated as median from corresponding wells of 20211103_MW502622B,20211103_MW502622D; ",6.993997,5.610625,0.245102,67.7497,2.3514,241.33295,41.25,23.75,19.5,49,0.749201,9.781816,755.04375,0.127932,246.576923,0.157379,0.00556
"20220209","MW89-4613","E2","EtOH","0","uM","1","",6.710276,8.3145,0.403094,435.506281,6.293813,310.196625,74,66,73.5,95.318182,1.350366,78.188682,1187.280556,0.375405,867.834416,2.130407,0.062736
"20211103","MW502622B","F2","EtOH","0","uM","1","",0.998843,0.758571,0.012502,102.2292,0.165,126.9981,15.5,7.5,13.5,16.166667,0.166691,51.223881,123.778125,0.024026,95.333333,0.492387,0.00047
"20220209","MW89-4615","F2","EtOH","0","uM","1","",3.922794,3.819333,0.089374,277.540625,2.376062,214.799562,39.5,14.5,89.5,42.811321,1.095949,89.471804,339.391827,0.34064,429.851415,1.656286,0.05269
"20211103","MW502622B","A2","EtOH:DMSO","0","uM","1","",5.850551,4.578,0.230194,29.73975,1.6975,34.79775,22.5,9,0,0,0,0,0,0,0,-0.003635,2.2e-05
"20220209","MW89-4615","A2","EtOH:DMSO","0","uM","1","",7.33711,5.816571,0.065323,357.268239,2.767209,280.074752,61,42,125,52.116071,1.258394,64.664952,308.706522,0.18537,416.207143,1.791369,0.078777
"20211103","MW502622D","B2","EtOH:DMSO","0","uM","1","",4.489629,6.823125,0.208437,113.988094,1.463906,235.046875,34,26.5,60,24,0.270312,26.734661,30.890385,0.03993,204.7875,0.408343,0.017133
"20220209","MW89-4616","B2","EtOH:DMSO","0","uM","1","",7.076631,7.33125,0.360507,392.179835,5.569183,240.159429,80,61,78,94.666667,1.597949,71.100899,612.99375,0.180943,913.59596,2.116095,0.084299
"20211103","MW507214B","C2","EtOH:DMSO","0","uM","1","DIV9 estimated as median from corresponding wells of 20211103_MW502622B,20211103_MW502622D; ",3.266868,3.56875,0.226681,77.950594,2.586406,275.110312,30.25,25.25,16.5,49,0.752758,13.528561,827.855,0.150623,285.136364,0.246247,0.009898
"20220209","MW89-4613","C2","EtOH:DMSO","0","uM","1","",4.010172,4.311,0.075187,216.10165,2.7678,162.6773,53,17.5,82,71.460961,1.119212,120.671126,881.398958,0.208884,634.27027,2.29758,0.051447
"20211103","MW507214B","D2","H2O","0","uM","1","DIV9 estimated as median from corresponding wells of 20211103_MW502622B,20211103_MW502622D; ",11.755491,5.42875,0.971132,90.6165,12.525,389.727,39.25,14.75,7.5,49,0.713511,5.698352,786.875,0.125359,231.3,0.170373,0.003976
"20220209","MW89-4613","D2","H2O","0","uM","1","",5.6109,5.959625,0.246302,353.831281,4.72425,277.331594,94,48,93.5,90.791667,1.348883,88.12328,579.073571,0.358693,833.185606,2.446678,0.057574
"20211103","MW502622B","E2","H2O","0","uM","1","",4.799353,11.2125,0.234217,175.531344,1.812688,122.507625,36.5,29,62,39.684211,0.765276,23.34301,1136.371622,0.226521,207.828947,0.401705,0.019142
"20220209","MW89-4615","E2","H2O","0","uM","1","",9.01803,7.350667,0.048919,329.64244,2.13481,233.568262,80.5,58.5,124.5,85.954918,1.621129,107.993554,593.197639,0.239499,881.930328,2.281854,0.096793
"20211103","MW502622D","F2","H2O","0","uM","1","",3.814932,3.405,0.057196,70.5705,0.46875,78.594,16,3,10.5,14.571429,0.17496,16.272779,175.425,0.028973,81.642857,0.215441,0.001502
"20220209","MW89-4616","F2","H2O","0","uM","1","",5.376407,5.106429,0.08294,307.578667,2.810821,201.800655,64.5,28.5,104.5,58.84434,1.268099,75.295515,231.30625,0.472083,456.801887,1.838825,0.05547
"20220209","MW89-4615","D5","Rotenone","0.001","uM","1","",4.974206,4.6935,0.043987,347.06375,1.69745,281.67365,93.5,47.5,72.5,93.75,1.767055,108.812415,691.107184,0.154515,968.042857,2.44878,0.056769
"20220209","MW89-4616","E5","Rotenone","0.001","uM","1","",6.448844,7.338791,0.102588,454.545595,3.546788,386.781086,84.5,73,109,90.102273,1.504382,111.959847,406.409205,0.20614,873.27399,2.393792,0.078973
"20220209","MW89-4613","F5","Rotenone","0.001","uM","1","",8.876225,7.146923,0.348831,350.279808,4.716538,338.8995,58.5,54,94.5,75.074675,1.580658,75.35817,1595.392378,0.462875,677.646104,1.99979,0.071662
"20220209","MW89-4616","A4","Tributyltin Chloride","0.001","uM","1","",9.026961,7.595,0.046973,312.505091,3.066682,299.336318,44.5,29,144,74.5,1.500429,77.340293,245.644589,0.366947,587.269231,2.047052,0.095698
"20220209","MW89-4613","B4","Tributyltin Chloride","0.001","uM","1","",4.6855,4.30125,0.062483,325.897964,2.609988,271.850417,74.5,58.5,77.5,94.779412,1.428968,127.406644,999.838352,0.221912,879.331699,1.900539,0.059866
"20220209","MW89-4615","C4","Tributyltin Chloride","0.001","uM","1","",4.154469,3.39392,0.066995,317.496271,3.284177,264.129083,86,31.5,54.5,95.9375,1.870089,90.363205,1031.474457,0.206703,1093.854167,2.339814,0.052847
"20220209","MW89-4615","D6","Rotenone","0.003","uM","1","",6.943453,8.086896,0.170426,454.671,4.071667,370.886167,81.5,54,133.5,80.845865,1.54293,123.62072,384.671809,0.295894,739.611137,2.835836,0.085497
"20220209","MW89-4616","E6","Rotenone","0.003","uM","1","",8.259027,9.377714,0.138294,424.528714,3.588807,414.037064,86.5,71.5,139.5,89.570261,1.30128,111.462803,400.77746,0.153461,818.5,2.343261,0.075374
"20220209","MW89-4613","F6","Rotenone","0.003","uM","1","",6.949798,6.445769,0.04457,345.845337,2.04924,256.145817,56.5,50.5,108.5,77.566038,1.602932,87.345741,996.155556,0.360765,626.188679,2.266501,0.085644
"20220209","MW89-4616","A5","Tributyltin Chloride","0.003","uM","1","",9.877354,5.756,0.198925,296.252344,4.481594,360.138,81.5,51,97,91.0675,2.199003,58.421642,293.380612,0.529757,1138.5875,1.898474,0.101787
"20220209","MW89-4613","B5","Tributyltin Chloride","0.003","uM","1","",6.248726,6.974,0.20798,380.636633,2.9468,350.139533,78.5,64,104.5,91.981383,1.290314,107.973799,632.173271,0.227165,921.832447,2.018079,0.067986
"20220209","MW89-4615","C5","Tributyltin Chloride","0.003","uM","1","",5.322657,7.054154,0.149305,461.482857,3.182929,356.861964,86,60,105,78.707207,1.525774,122.960644,500.203036,0.413504,799.603604,2.845531,0.080881
"20220209","MW89-4615","D7","Rotenone","0.01","uM","1","",7.036239,10.827375,0.275848,495.9627,4.1675,251.802,88.5,62,115.5,94.291667,1.553254,84.140454,746.656163,0.207107,872.669811,2.244944,0.085279
"20220209","MW89-4616","E7","Rotenone","0.01","uM","1","",7.299525,6.204375,0.059829,348.816031,3.541281,239.157406,92.5,64,110,94.666667,1.487485,88.634759,477.294048,0.301528,841.972868,2.57807,0.095797
"20220209","MW89-4613","F7","Rotenone","0.01","uM","1","",6.867093,6.292286,0.061212,274.2669,2.4764,214.7377,65.5,35,110,79.714286,1.758157,99.995993,799.032403,0.362987,849.583333,2.297919,0.092824
"20220209","MW89-4616","A6","Tributyltin Chloride","0.01","uM","1","",8.705321,7.821333,0.036484,336.3664,1.7171,239.849633,80.5,60,115,60.55,1.408904,62.196356,250.581403,0.205012,623.175,2.224926,0.104726
"20220209","MW89-4613","B6","Tributyltin Chloride","0.01","uM","1","",8.317028,9.568125,0.15974,372.566625,2.557769,267.35315,72,64.5,132.5,83.948925,1.534848,79.365272,170.591306,0.207665,681.80914,1.863537,0.08455
"20220209","MW89-4615","C6","Tributyltin Chloride","0.01","uM","1","",9.637525,11.039221,0.287204,600.112,3.552143,656.56125,85.5,60.5,146.5,79.482919,1.760667,73.242774,677.887491,0.442001,681.652174,2.019516,0.101828
"20211103","MW502622B","A1","Deltamethrin","0.03","uM","1","",10.483981,5.2425,0.239181,63.5175,2.99025,55.461,15,3,0,0,0,0,0,0,0,0.002961,1.7e-05
"20220209","MW89-4615","A1","Deltamethrin","0.03","uM","1","",5.168338,5.738571,0.096957,285.684643,2.222929,224.841643,31,13,103,45.25,1.632357,94.390652,874.252381,0.228644,372.9375,2.246505,0.05369
"20211103","MW502622D","B1","Deltamethrin","0.03","uM","1","",1.865425,1.568571,0.03045,108.1335,0.45675,72.09025,15.5,9,24,16.40625,0.18615,41.013531,74.59,0.026098,100.40625,0.577407,0.008127
"20220209","MW89-4616","B1","Deltamethrin","0.03","uM","1","",6.637532,8.83125,0.063825,332.364531,2.144,256.682406,76,64,144.5,94.9125,1.431336,75.953233,255.316456,0.297044,782.561111,1.820074,0.067221
"20211103","MW507214B","C1","Deltamethrin","0.03","uM","1","DIV9 estimated as median from corresponding wells of 20211103_MW502622B,20211103_MW502622D; ",4.696685,3.620625,0.039532,75.857036,0.580714,53.453679,29.75,21,19.5,23.884615,0.283835,11.943342,70.26875,0.033998,250.038462,0.264396,0.008259
"20220209","MW89-4613","C1","Deltamethrin","0.03","uM","1","",7.126677,6.457846,0.221909,352.636215,3.478738,351.933885,59,57,84.5,79.128571,1.412144,76.939629,232.724733,0.211442,615.025,1.922361,0.064055
"20211103","MW507214B","D1","Glyphosate","0.03","uM","1","DIV9 estimated as median from corresponding wells of 20211103_MW502622B,20211103_MW502622D; ",2.584411,2.3625,0.093858,30.14125,0.7575,49.7925,27.75,9,9,24,0.23688,7.45002,4.5,0.028104,218,0.1552,0.0038
"20220209","MW89-4613","D1","Glyphosate","0.03","uM","1","",5.438855,3.339375,0.052778,352.144038,3.248423,250.617615,65,32,79,87.759868,1.741725,81.301685,299.849614,0.441331,782.881579,1.906372,0.06581
"20211103","MW502622B","E1","Glyphosate","0.03","uM","1","",3.82212,2.448,0.056295,103.71135,2.3289,119.2758,22.5,15,13.5,16.333333,0.299668,9.997118,166.003125,0.031974,154.166667,0.420956,0.002405
"20220209","MW89-4615","E1","Glyphosate","0.03","uM","1","",5.413704,3.914286,0.074251,315.851552,3.302591,268.388565,69.5,34,87.5,83.539683,1.240221,82.874621,261.059756,0.243421,689.714286,1.919866,0.065437
"20211103","MW502622D","F1","Glyphosate","0.03","uM","1","",2.5639,2.1,0.223183,42.4965,2.88,11.475,4.5,1.5,0,0,0,0,0,0,0,-0.002542,4e-06
"20220209","MW89-4616","F1","Glyphosate","0.03","uM","1","",8.644973,7.499143,0.385078,226.983,4.1276,240.669775,74.5,36.5,88.5,92.558824,1.767872,49.162251,363.4025,0.55111,763.985294,1.675837,0.061608
"20211103","MW502622D","D1","Lindane","0.03","uM","1","",1.351994,0.7575,0,0,0,0,11,0,9,11,0.248333,50.516129,130.47,0.049484,65.25,0.790688,0
"20220209","MW89-4616","D1","Lindane","0.03","uM","1","",6.943486,7.166143,0.065127,351.885179,2.883929,228.630836,77.5,57.5,145,84.202564,1.539371,144.228132,541.624275,0.430986,779.207692,3.018323,0.087851
"20211103","MW507214B","E1","Lindane","0.03","uM","1","DIV9 estimated as median from corresponding wells of 20211103_MW502622B,20211103_MW502622D; ",5.707125,7.332,0.127156,76.913571,2.269071,16.757143,27,10.5,4.5,24,0.281806,1.518878,3.7125,0.059585,228.5,0.021549,0.000938
"20220209","MW89-4613","E1","Lindane","0.03","uM","1","",5.757935,3.928385,0.200961,330.759,2.936906,401.09691,66,44,88,49.318713,1.039254,79.454197,155.019551,0.411293,446.19883,1.878976,0.064085
"20211103","MW502622B","F1","Lindane","0.03","uM","1","",1.266415,0,0,0,0,0,9.5,0,0,0,0,0,0,0,0,0.000413,0
"20220209","MW89-4615","F1","Lindane","0.03","uM","1","",3.287934,2.3,0.028195,142.310167,1.054,93.393833,40,13.5,50.5,40.220779,0.965897,113.846817,348.138095,0.314596,392.88961,2.159457,0.034103
"20211103","MW502622B","D1","Rotenone","0.03","uM","1","",0,0,0,0,0,0,0,0,0,0,0,0,0,0,0,0,0
"20220209","MW89-4615","D8","Rotenone","0.03","uM","1","",7.944167,10.524286,0.325415,231.320286,4.318964,143.870738,50.5,28.5,44,71.9,1.499837,35.351217,988.590625,0.155697,599.46,0.801742,0.042086
"20211103","MW502622D","E1","Rotenone","0.03","uM","1","",0,0,0,0,0,0,0,0,0,0,0,0,0,0,0,0,0
"20220209","MW89-4616","E8","Rotenone","0.03","uM","1","",6.316638,3.107455,0.25386,286.748536,3.928,363.053,60.5,28,45.5,54.772727,1.327485,43.451775,302.926786,0.206486,605.340909,1.629256,0.076186
"20211103","MW507214B","F1","Rotenone","0.03","uM","1","DIV9 estimated as median from corresponding wells of 20211103_MW502622B,20211103_MW502622D; ",0,0,0,0,0,0,0,0,0,0,0,0,0,0,0,0,0
"20220209","MW89-4613","F8","Rotenone","0.03","uM","1","",3.714731,1.425,0.025248,117.886333,0.852833,107.989167,20.5,13.5,13.5,16.166667,0.482813,16.472739,125.859375,0.02989,165.166667,0.588961,0.014758
"20211103","MW507214B","A1","Thiamethoxam","0.03","uM","1","DIV9 estimated as median from corresponding wells of 20211103_MW502622B,20211103_MW502622D; ",5.674422,6.67375,0.282761,179.675429,2.467321,65.275893,36,23.5,31.5,24,0.234019,30.217345,38.0625,0.033386,204.571429,0.493727,0.012117
"20220209","MW89-4613","A1","Thiamethoxam","0.03","uM","1","",3.542972,4.41,0.026518,130.59575,0.91925,48.67525,19,9,54.5,28.964286,1.006384,103.30643,499.627083,0.150456,269.696429,2.375754,0.028527
"20211103","MW502622B","B1","Thiamethoxam","0.03","uM","1","",7.24847,5.488571,0.479511,110.4165,4.070125,118.263375,35,8.5,7.5,23.7,0.456394,4.596832,294.7875,0.032656,267.6,0.320258,0.003811
"20220209","MW89-4615","B1","Thiamethoxam","0.03","uM","1","",7.936645,7.086667,0.060033,303.000167,2.0188,232.965533,78,60,102.5,87.117347,1.456171,60.857779,890.237847,0.188116,689.076531,1.616577,0.067086
"20211103","MW502622D","C1","Thiamethoxam","0.03","uM","1","",9.445327,11.417727,0.409952,264.018,3.805313,216.450813,31,16.5,12,17.8125,0.308258,11.994728,176.346429,0.036017,136.5,0.465226,0.003392
"20220209","MW89-4616","C1","Thiamethoxam","0.03","uM","1","",6.944628,8.342514,0.073052,302.764281,2.155375,195.56775,87,58,139.5,84.940702,1.378975,87.888562,898.002203,0.396864,777.905598,1.680942,0.076963
"20211103","MW502622D","A1","Tributyltin Chloride","0.03","uM","1","",0.660955,0.655714,0.240409,23.0715,1.437,28.8555,10.5,1.5,0,0,0,0,0,0,0,-0.000387,9e-06
"20220209","MW89-4616","A7","Tributyltin Chloride","0.03","uM","1","",4.652581,4.480909,0.011959,122.295409,0.321682,42.686591,47.5,16.5,71,52.423077,0.711256,112.101065,476.869408,0.070391,491.153846,1.686731,0.036553
"20211103","MW507214B","B1","Tributyltin Chloride","0.03","uM","1","DIV9 estimated as median from corresponding wells of 20211103_MW502622B,20211103_MW502622D; ",6.000914,6.246,0.082101,85.977214,5.703321,67.349571,25.75,21,13.5,23.5,0.403742,4.873208,127.96875,0.189811,221,0.145696,0.004937
"20220209","MW89-4613","B7","Tributyltin Chloride","0.03","uM","1","",0.961751,0.54,0.067779,64.5075,0.636,150.7455,7.5,1.5,0,0,0,0,0,0,0,0.053932,0
"20211103","MW502622B","C1","Tributyltin Chloride","0.03","uM","1","",2.450522,2.184545,0.153009,55.60425,1.87125,42.18825,21,3,4.5,23,0.404652,6.11951,474.2625,0.028089,170,0.220653,0.001971
"20220209","MW89-4615","C7","Tributyltin Chloride","0.03","uM","1","",2.658653,6.261136,0.083222,300.411125,1.28275,254.918875,45.5,30.5,102.5,46.546591,0.758062,74.364265,303.286111,0.157485,234.701136,1.270064,0.022052
"20211103","MW502622B","A3","Deltamethrin","0.1","uM","1","",5.885404,5.298,0.284921,140.3105,9.79425,221.48475,34.5,11.5,0,0,0,0,0,0,0,-0.003758,3.1e-05
"20220209","MW89-4615","A3","Deltamethrin","0.1","uM","1","",7.110878,9.6135,0.395104,292.192333,3.91925,237.652375,58.5,29.5,111,76.116379,1.329012,85.085108,1228.57688,0.2512,616.717672,1.540575,0.047782
"20211103","MW502622D","B3","Deltamethrin","0.1","uM","1","",5.292714,8.485909,0.057264,264.7982,0.804225,192.433175,34,25,122,35.832512,0.57763,109.862653,155.691498,0.150248,210.346059,1.084922,0.025353
"20220209","MW89-4616","B3","Deltamethrin","0.1","uM","1","",7.499311,9.46483,0.230776,388.93283,4.306335,293.163955,86,69,104,95.522727,1.539622,80.627053,653.417777,0.237025,899.882576,1.866914,0.079562
"20211103","MW507214B","C3","Deltamethrin","0.1","uM","1","DIV9 estimated as median from corresponding wells of 20211103_MW502622B,20211103_MW502622D; ",4.471281,7.171875,0.425225,251.587469,2.94225,257.763688,43.75,32.25,67,38.779221,0.63939,56.060984,171.643389,0.159021,196.785714,0.68612,0.013814
"20220209","MW89-4613","C3","Deltamethrin","0.1","uM","1","",3.96874,4.918393,0.201863,383.382635,3.384556,282.321753,92,48.5,75.5,87.5,1.546213,90.889896,611.571688,0.388113,682.122222,2.194768,0.048273
"20211103","MW507214B","D3","Glyphosate","0.1","uM","1","DIV9 estimated as median from corresponding wells of 20211103_MW502622B,20211103_MW502622D; ",5.114196,5.82125,0.17371,250.321875,3.213687,236.994313,44.75,31.5,53.25,41.449275,0.785172,18.447692,201.132468,0.228901,235.884058,0.381118,0.013145
"20220209","MW89-4613","D3","Glyphosate","0.1","uM","1","",4.964753,4.954375,0.070103,348.994643,2.7235,233.7344,80,40,91.5,87.154279,1.588532,119.114128,871.114394,0.479168,885.188063,2.059619,0.062157
"20211103","MW502622B","E3","Glyphosate","0.1","uM","1","",5.530145,10.823125,0.148244,232.403063,1.600031,129.008906,46.5,36.5,76.5,42.858974,0.829404,23.174486,193.940786,0.207544,217.051282,0.517013,0.016231
"20220209","MW89-4615","E3","Glyphosate","0.1","uM","1","",7.681976,8.309135,0.190765,327.215396,4.53725,338.650615,92.5,43,124.5,88.195141,1.387192,76.4739,534.009211,0.360582,762.44953,2.207645,0.074229
"20211103","MW502622D","F3","Glyphosate","0.1","uM","1","",1.604616,3.03,0.172859,238.44,1.20775,370.05565,26,17.5,15,24,0.196337,15.135401,97.8,0.026009,169.35,0.362794,0.002344
"20220209","MW89-4616","F3","Glyphosate","0.1","uM","1","",4.600493,3.985714,0.072917,317.515115,2.818115,310.683096,57,53,83.5,58.324675,1.148511,81.830181,297.67655,0.13392,637.079545,1.781095,0.06048
"20211103","MW502622D","D3","Lindane","0.1","uM","1","",4.897227,2.2125,0.352182,103.152,3.243125,148.936938,37,14.5,14.5,44.6875,0.638525,14.739068,9.932143,0.025254,239.5625,0.246282,0.004252
"20220209","MW89-4616","D3","Lindane","0.1","uM","1","",6.23152,6.260612,0.209676,343.781188,4.6975,410.755563,75,42,86.5,79.916667,1.734848,87.266582,615.171875,0.37766,714.984848,2.099408,0.064352
"20211103","MW507214B","E3","Lindane","0.1","uM","1","DIV9 estimated as median from corresponding wells of 20211103_MW502622B,20211103_MW502622D; ",8.009097,7.1325,0.365088,90.41395,2.5952,165.8646,36,23.75,44.75,47.862069,0.673974,12.380894,35.732143,0.069303,229.482759,0.215601,0.010221
"20220209","MW89-4613","E3","Lindane","0.1","uM","1","",4.895264,4.469583,0.054986,347.923938,2.99075,235.426375,46.5,17,96.5,70.119949,1.042147,160.384507,758.205887,0.217299,641.140152,2.785286,0.069585
"20211103","MW502622B","F3","Lindane","0.1","uM","1","",15.446116,4.82,0.288724,123.57,5.854375,156.091125,18,14,33,14.590909,0.193084,63.615206,61.582143,0.026673,111.818182,0.836901,0.013168
"20220209","MW89-4615","F3","Lindane","0.1","uM","1","",3.641576,2.84375,0.038861,126.5805,1.067062,60.54075,31,12,76,31.489011,0.883688,92.955756,296.007675,0.284565,281.587912,1.892045,0.049703
"20211103","MW502622B","D3","Rotenone","0.1","uM","1","",0,0,0,0,0,0,0,0,0,0,0,0,0,0,0,0,0
"20211103","MW502622D","E3","Rotenone","0.1","uM","1","",0,0,0,0,0,0,0,0,0,0,0,0,0,0,0,0,0
"20211103","MW507214B","F3","Rotenone","0.1","uM","1","DIV9 estimated as median from corresponding wells of 20211103_MW502622B,20211103_MW502622D; ",0,0,0,0,0,0,0,0,0,0,0,0,0,0,0,0,0
"20211103","MW507214B","A3","Thiamethoxam","0.1","uM","1","DIV9 estimated as median from corresponding wells of 20211103_MW502622B,20211103_MW502622D; ",5.600857,6.56625,0.27458,99.152258,7.384,160.361517,53.75,30,16.5,24,0.295814,7.916006,105.5775,0.031754,227.045455,0.190272,0.005686
"20220209","MW89-4613","A3","Thiamethoxam","0.1","uM","1","",5.641059,6.779038,0.205824,377.059644,3.214913,295.160731,62.5,52.5,109.5,77.666154,1.502407,101.993862,198.253316,0.27507,714.501538,2.145875,0.065277
"20211103","MW502622B","B3","Thiamethoxam","0.1","uM","1","",10.63059,12.785625,0.254372,167.011604,3.5105,123.259729,60.5,39,88.5,22.932203,0.336173,23.941859,21.687931,0.075117,198.076271,0.396925,0.025371
"20220209","MW89-4615","B3","Thiamethoxam","0.1","uM","1","",6.250665,9.180667,0.078223,271.3016,2.503267,184.5314,78,30,123.5,91.646057,1.384848,83.829738,629.16443,0.206481,698.798387,1.852681,0.056687
"20211103","MW502622D","C3","Thiamethoxam","0.1","uM","1","",2.960765,2.983269,0.024449,86.223375,0.385,40.8315,31.5,18,37.5,21.6,0.217282,31.869919,40.9375,0.021063,164.64,0.469625,0.01107
"20220209","MW89-4616","C3","Thiamethoxam","0.1","uM","1","",7.66001,8.653125,0.073046,318.449719,2.453479,154.090771,90,61.5,119.5,89.963555,1.876494,75.461394,559.764271,0.40588,808.680307,1.976476,0.076105
"20211103","MW502622D","A3","Tributyltin Chloride","0.1","uM","1","",0,0,0,0,0,0,0,0,0,0,0,0,0,0,0,0,0
"20220209","MW89-4616","A8","Tributyltin Chloride","0.1","uM","1","",0,0,0,0,0,0,0,0,0,0,0,0,0,0,0,0,0
"20211103","MW507214B","B3","Tributyltin Chloride","0.1","uM","1","DIV9 estimated as median from corresponding wells of 20211103_MW502622B,20211103_MW502622D; ",0,0,0,0,0,0,0,0,0,0,0,0,0,0,0,0,0
"20220209","MW89-4613","B8","Tributyltin Chloride","0.1","uM","1","",0,0,0,0,0,0,0,0,0,0,0,0,0,0,0,0,0
"20211103","MW502622B","C3","Tributyltin Chloride","0.1","uM","1","",0,0,0,0,0,0,0,0,0,0,0,0,0,0,0,0,0
"20220209","MW89-4615","C8","Tributyltin Chloride","0.1","uM","1","",0,0,0,0,0,0,0,0,0,0,0,0,0,0,0,0,0
"20211103","MW502622B","A4","Deltamethrin","0.3","uM","1","",6.118843,18.705,0.142094,275.291929,1.712143,74.482429,28,12.5,15,16.2,0.309,5.507304,134.616667,0.049585,69.75,0.15465,0.001699
"20220209","MW89-4615","A4","Deltamethrin","0.3","uM","1","",6.72413,10.785,0.340044,385.337,3.26375,118.0815,38.5,15.5,86.5,44.570736,1.496544,66.175388,601.257024,0.439147,327.709302,1.858228,0.040399
"20211103","MW502622D","B4","Deltamethrin","0.3","uM","1","",3.510708,9.104667,0.095882,282.563795,0.949641,205.598885,45,27,93.5,46.704545,0.622628,48.118332,247.520058,0.110781,210.511364,0.580892,0.017451
"20220209","MW89-4616","B4","Deltamethrin","0.3","uM","1","",5.264011,9.173736,0.098599,499.213,2.659436,374.134359,79.5,76,128.5,83.30965,1.351926,148.611712,331.360923,0.224522,711.525583,2.559057,0.06826
"20211103","MW507214B","C4","Deltamethrin","0.3","uM","1","DIV9 estimated as median from corresponding wells of 20211103_MW502622B,20211103_MW502622D; ",4.231001,9.575833,0.091522,198.080573,1.026177,214.035656,42.25,27.75,85.75,43.977273,0.597248,30.853889,244.428989,0.121986,177.284091,0.464297,0.017224
"20220209","MW89-4613","C4","Deltamethrin","0.3","uM","1","",3.354583,6.88625,0.162541,498.223531,2.710094,318.50575,85.5,48,72,87.690909,1.290756,97.125641,566.221591,0.321996,617.547826,1.922146,0.043281
"20211103","MW507214B","D4","Glyphosate","0.3","uM","1","DIV9 estimated as median from corresponding wells of 20211103_MW502622B,20211103_MW502622D; ",6.061675,4.268125,0.222162,319.818531,2.6435,337.939969,45,31.5,29.25,44.555556,0.78898,21.343538,383.841477,0.136886,238.013889,0.43998,0.012388
"20220209","MW89-4613","D4","Glyphosate","0.3","uM","1","",3.749036,3.796364,0.262281,419.248071,6.303143,331.007143,55.5,25,76,70.35,1.157261,114.346644,831.269349,0.232341,567.6,2.31525,0.052729
"20211103","MW502622B","E4","Glyphosate","0.3","uM","1","",4.489652,8.132,0.089596,252.854125,1.080089,127.743518,39.5,31,91.5,40.870773,0.673103,48.361952,297.035417,0.123367,232.562802,0.66773,0.02099
"20220209","MW89-4615","E4","Glyphosate","0.3","uM","1","",6.233655,6.969,0.302321,310.956656,4.562031,253.357562,84,46,105.5,92.1,1.400865,98.267963,591.936174,0.35257,906.633333,1.993181,0.06867
"20211103","MW502622D","F4","Glyphosate","0.3","uM","1","",3.194445,2.055,0.01858,92.642591,0.200864,57.588409,29.5,16.5,34.5,21,0.177565,38.686615,47.147727,0.024111,127.043478,0.555935,0.005941
"20220209","MW89-4616","F4","Glyphosate","0.3","uM","1","",6.687617,6.309286,0.060893,312.816083,2.948738,273.587774,58.5,36,85,60.114286,1.395488,54.411026,361.765152,0.169473,632.457143,1.959808,0.077184
"20211103","MW502622D","D4","Lindane","0.3","uM","1","",2.628416,4.136538,0.106764,456.336446,1.086643,408.416143,56,37.5,53,53.647727,0.599098,124.002504,258.117857,0.086838,384.153409,1.612048,0.01604
"20220209","MW89-4616","D4","Lindane","0.3","uM","1","",4.769796,7.240554,0.108671,451.629869,2.697962,359.610112,90.5,64.5,95,87.654762,1.664027,110.872765,475.396811,0.351681,794.767857,2.250305,0.060505
"20211103","MW507214B","E4","Lindane","0.3","uM","1","DIV9 estimated as median from corresponding wells of 20211103_MW502622B,20211103_MW502622D; ",7.057799,9.021875,0.192065,281.035511,11.364971,195.786571,51,33.75,74.5,55.34593,0.613742,60.39867,263.192857,0.083348,387.614826,0.752363,0.016896
"20220209","MW89-4613","E4","Lindane","0.3","uM","1","",3.975684,3.807,0.061295,351.915883,2.823917,261.089033,48,30,79.5,68.946839,1.206507,181.004835,652.842857,0.231266,699.795977,2.650996,0.060958
"20211103","MW502622B","F4","Lindane","0.3","uM","1","",13.73448,21.415,0.619821,294.026917,5.657167,166.01,35,20.5,46.5,18.241935,0.192292,26.929242,36.47,0.021473,113.806452,0.452463,0.009179
"20220209","MW89-4615","F4","Lindane","0.3","uM","1","",9.431272,9.09,0.386984,368.961648,4.679205,302.241545,52,47.5,144,49.021127,1.187407,88.151301,162.571429,0.360819,475.279343,2.056028,0.091182
"20211103","MW502622B","D4","Rotenone","0.3","uM","1","",0,0,0,0,0,0,0,0,0,0,0,0,0,0,0,0,0
"20211103","MW502622D","E4","Rotenone","0.3","uM","1","",0,0,0,0,0,0,0,0,0,0,0,0,0,0,0,0,0
"20211103","MW507214B","F4","Rotenone","0.3","uM","1","DIV9 estimated as median from corresponding wells of 20211103_MW502622B,20211103_MW502622D; ",0,0,0,0,0,0,0,0,0,0,0,0,0,0,0,0,0
"20211103","MW507214B","A4","Thiamethoxam","0.3","uM","1","DIV9 estimated as median from corresponding wells of 20211103_MW502622B,20211103_MW502622D; ",3.166604,4.969333,0.11281,137.201871,1.190186,257.833971,39.5,31.25,43,44.464286,0.62687,32.41315,219.722596,0.110845,267.518908,0.475529,0.009588
"20220209","MW89-4613","A4","Thiamethoxam","0.3","uM","1","",4.669787,4.196,0.05607,350.765133,1.9145,303.470208,66,52.5,94,80.2,1.387736,111.346093,904.585227,0.212831,696.277778,1.793753,0.054606
"20211103","MW502622B","B4","Thiamethoxam","0.3","uM","1","",4.738356,8.170667,0.08806,233.229643,1.062786,222.570286,47,38.5,125,43.664286,0.757074,69.959256,172.781812,0.134142,278.057143,0.858769,0.037909
"20220209","MW89-4615","B4","Thiamethoxam","0.3","uM","1","",28.633091,15.744068,0.475869,584.584209,46.407442,332.21281,87,72,119.5,93.758991,1.558922,83.832482,443.148529,0.138584,982.780594,1.927053,0.086119
"20211103","MW502622D","C4","Thiamethoxam","0.3","uM","1","",4.560266,4.586875,0.044245,83.414538,0.697385,43.882846,35.5,19.5,52.5,20.957143,0.30265,21.970755,38.227941,0.0517,152.828571,0.332481,0.013534
"20220209","MW89-4616","C4","Thiamethoxam","0.3","uM","1","",6.686802,8.773393,0.290932,343.753301,4.191878,228.212994,94.5,55.5,93,88.958333,1.63922,75.547891,515.335714,0.48491,763.136905,2.126619,0.059064
"20211103","MW502622D","A4","Tributyltin Chloride","0.3","uM","1","",0,0,0,0,0,0,0,0,0,0,0,0,0,0,0,0,0
"20211103","MW507214B","B4","Tributyltin Chloride","0.3","uM","1","DIV9 estimated as median from corresponding wells of 20211103_MW502622B,20211103_MW502622D; ",0,0,0,0,0,0,0,0,0,0,0,0,0,0,0,0,0
"20211103","MW502622B","C4","Tributyltin Chloride","0.3","uM","1","",0,0,0,0,0,0,0,0,0,0,0,0,0,0,0,0,0
"20211103","MW502622B","A5","Deltamethrin","1","uM","1","",2.27491,7.185,0.19845,370.156625,1.44425,338.21725,21.5,11,4.5,13.5,0.26375,2.595286,392.5875,0.035641,34.5,0.041882,0.000154
"20220209","MW89-4615","A5","Deltamethrin","1","uM","1","",4.700173,13.2645,0.15247,452.859292,1.771142,240.688067,72.5,43,116.5,67.234375,1.547349,76.042159,735.38244,0.269242,478.078125,1.366327,0.035236
"20211103","MW502622D","B5","Deltamethrin","1","uM","1","",3.408286,11.985,0.135459,258.860538,0.971462,66.658846,32.5,22,64,37.306452,0.551373,42.053951,318.825,0.091547,224.785714,0.532793,0.020759
"20220209","MW89-4616","B5","Deltamethrin","1","uM","1","",5.606747,14.664615,0.193681,415.003987,2.010006,148.464747,66.5,35.5,166,68.366667,1.011352,89.232838,425.450893,0.29111,379.318627,1.545287,0.035692
"20211103","MW507214B","C5","Deltamethrin","1","uM","1","DIV9 estimated as median from corresponding wells of 20211103_MW502622B,20211103_MW502622D; ",2.328669,7.230682,0.133604,277.8329,1.20455,143.78765,24,10,14.75,36.75,0.582426,13.446599,659.2375,0.08867,201.160714,0.131047,0.002475
"20220209","MW89-4613","C5","Deltamethrin","1","uM","1","",3.570119,7.460044,0.157821,432.07,2.219375,238.4845,74.5,44,109.5,74.99152,1.342089,129.854955,359.385582,0.465875,592.003216,1.840133,0.038343
"20211103","MW507214B","D5","Glyphosate","1","uM","1","DIV9 estimated as median from corresponding wells of 20211103_MW502622B,20211103_MW502622D; ",4.066751,5.301,0.145117,170.450675,1.704275,128.1893,35.75,27.5,51.75,47.944444,0.639548,28.35718,210.019952,0.122233,201,0.545359,0.012375
"20220209","MW89-4613","D5","Glyphosate","1","uM","1","",5.308048,5.300559,0.164172,341.523288,3.73825,355.693231,76.5,31.5,87,79.223938,1.501897,123.072359,587.360417,0.332442,736.996139,2.742407,0.057362
"20211103","MW502622B","E5","Glyphosate","1","uM","1","",7.256599,10.416,0.317543,292.750536,2.581911,216.080107,41.5,33,73.5,49.413399,0.653076,41.515466,200.75483,0.140951,281.062092,0.658918,0.019728
"20220209","MW89-4615","E5","Glyphosate","1","uM","1","",7.229472,7.554663,0.341834,414.530125,5.7065,278.347188,92.5,66,86.5,93.5,1.49772,55.389755,582.680089,0.241359,678.227778,2.694116,0.078767
"20211103","MW502622D","F5","Glyphosate","1","uM","1","",2.007708,3.84,0.01943,98.652923,0.243,28.710115,24.5,19.5,60,20.3625,0.220659,49.282573,22.025,0.020319,159.7125,0.600624,0.016921
"20220209","MW89-4616","F5","Glyphosate","1","uM","1","",7.928966,9.068,0.079735,323.7386,2.5724,181.6779,70.5,35,148,56.333666,1.25595,71.528144,189.054605,0.501832,462.648851,1.764394,0.072158
"20211103","MW502622D","D5","Lindane","1","uM","1","",6.848897,9.110625,0.1075,244.234156,1.150719,151.398812,53.5,44,114,51.960784,0.637717,47.2006,171.787286,0.150911,243.480392,0.736748,0.018105
"20220209","MW89-4616","D5","Lindane","1","uM","1","",5.9329,7.493273,0.106696,459.486667,2.870933,273.955233,82,62,104,94.185606,1.658218,117.265573,603.542653,0.354063,906.268939,2.742914,0.084215
"20211103","MW507214B","E5","Lindane","1","uM","1","DIV9 estimated as median from corresponding wells of 20211103_MW502622B,20211103_MW502622D; ",5.879239,5.25,0.107861,156.000531,1.203688,169.592594,48,35.25,92.25,51.870748,0.631395,30.798918,179.837723,0.125208,197.680272,0.464521,0.012581
"20220209","MW89-4613","E5","Lindane","1","uM","1","",4.287484,4.762802,0.084977,448.566036,2.953476,417.674571,65.5,30.5,67.5,89.392857,1.31302,149.234082,729.320833,0.217842,918.660714,2.692156,0.065305
"20211103","MW502622B","F5","Lindane","1","uM","1","",2.235386,1.9,0.018004,108.432,0.284438,73.404187,20.5,14.5,25.5,18.088235,0.183276,32.700093,62.639062,0.026833,123.529412,0.694825,0.010189
"20220209","MW89-4615","F5","Lindane","1","uM","1","",5.48029,5.607,0.063733,282.941393,2.510536,211.516071,20,15.5,124,34.795455,0.44529,92.896802,249.443675,0.07076,206.5,1.313718,0.037269
"20211103","MW502622B","D5","Rotenone","1","uM","1","",0,0,0,0,0,0,0,0,0,0,0,0,0,0,0,0,0
"20211103","MW502622D","E5","Rotenone","1","uM","1","",0,0,0,0,0,0,0,0,0,0,0,0,0,0,0,0,0
"20211103","MW507214B","F5","Rotenone","1","uM","1","DIV9 estimated as median from corresponding wells of 20211103_MW502622B,20211103_MW502622D; ",0,0,0,0,0,0,0,0,0,0,0,0,0,0,0,0,0
"20211103","MW507214B","A5","Thiamethoxam","1","uM","1","DIV9 estimated as median from corresponding wells of 20211103_MW502622B,20211103_MW502622D; ",3.659037,3.965,0.249921,144.210375,11.6705,201.543125,29.25,7.25,7.25,32.5,1.013438,1.179155,314.525,0.103919,43.375,0.031548,7.2e-05
"20220209","MW89-4613","A5","Thiamethoxam","1","uM","1","",6.482219,3.6025,0.053609,352.81615,3.13475,262.3088,59.5,20,56.5,74.116667,1.654965,76.761561,1314.53125,0.348395,713.206667,2.443839,0.066581
"20211103","MW502622B","B5","Thiamethoxam","1","uM","1","",6.758982,2.034,0.118261,93.965625,26.422125,18.696375,20,6,1.5,7.5,0.109375,0.044724,0,0,16.5,0.005402,2.2e-05
"20220209","MW89-4615","B5","Thiamethoxam","1","uM","1","",7.340675,6.775714,0.064747,326.743277,2.940185,235.666385,82.5,55,116.5,92.24867,1.433076,100.046815,766.905072,0.173873,753.59242,2.004289,0.074339
"20211103","MW502622D","C5","Thiamethoxam","1","uM","1","",4.350394,3.07,0.143521,180.8117,1.3374,241.2294,45.5,25,38.5,39.5,0.895941,28.688277,53.566304,0.057167,199.75,0.452221,0.011837
"20220209","MW89-4616","C5","Thiamethoxam","1","uM","1","",7.482269,8.0765,0.062601,348.660125,2.600917,215.084583,78,55.5,112,84.013369,1.73905,72.251345,630.999833,0.338572,652.187166,2.340155,0.079316
"20211103","MW502622D","A5","Tributyltin Chloride","1","uM","1","",0,0,0,0,0,0,0,0,0,0,0,0,0,0,0,0,0
"20211103","MW507214B","B5","Tributyltin Chloride","1","uM","1","DIV9 estimated as median from corresponding wells of 20211103_MW502622B,20211103_MW502622D; ",0,0,0,0,0,0,0,0,0,0,0,0,0,0,0,0,0
"20211103","MW502622B","C5","Tributyltin Chloride","1","uM","1","",0,0,0,0,0,0,0,0,0,0,0,0,0,0,0,0,0
"20211103","MW502622B","A7","Deltamethrin","10","uM","1","",0,0,0,0,0,0,0,0,0,0,0,0,0,0,0,0,0
"20220209","MW89-4615","A7","Deltamethrin","10","uM","1","",1.344803,0.0375,0,0,0,0,44,0,0,0,0,0,0,0,0,0.000556,0
"20211103","MW502622D","B7","Deltamethrin","10","uM","1","",0,0,0,0,0,0,0,0,0,0,0,0,0,0,0,0,0
"20220209","MW89-4616","B7","Deltamethrin","10","uM","1","",1.513792,1.094464,0.199563,79.7375,1.124167,136.046667,51.5,7.5,0,0,0,0,0,0,0,0.031663,3.8e-05
"20211103","MW507214B","C7","Deltamethrin","10","uM","1","DIV9 estimated as median from corresponding wells of 20211103_MW502622B,20211103_MW502622D; ",0,0,0,0,0,0,0,0,0,0,0,0,0,0,0,0,0
"20220209","MW89-4613","C7","Deltamethrin","10","uM","1","",1.882455,0.733333,0.280841,52.22875,1.63625,159.3725,36,5,0,0,0,0,0,0,0,0.018464,1.6e-05
"20211103","MW507214B","D7","Glyphosate","10","uM","1","DIV9 estimated as median from corresponding wells of 20211103_MW502622B,20211103_MW502622D; ",3.895274,4.884545,0.106777,55.28925,1.208813,50.874,23.5,12,15,14.7,0.223104,7.133589,113.583333,0.120871,109.95,0.125176,0.002745
"20220209","MW89-4613","D7","Glyphosate","10","uM","1","",3.64611,4.418205,0.071059,379.948,2.866242,275.365924,75,54,105.5,87.746212,1.13007,193.67844,536.637558,0.139281,838.094697,3.021467,0.064574
"20211103","MW502622B","E7","Glyphosate","10","uM","1","",0,0,0,0,0,0,0,0,0,0,0,0,0,0,0,0,0
"20220209","MW89-4615","E7","Glyphosate","10","uM","1","",7.232154,10.439423,0.127314,457.33035,3.166338,390.023296,90,75.5,170.5,91.405882,1.205513,150.088699,321.668711,0.286535,820.290441,2.421647,0.089995
"20211103","MW502622D","F7","Glyphosate","10","uM","1","",2.536533,0.672,0.110849,51.3555,1.038,68.0715,27.5,3,7.5,23.7,0.258411,6.986519,164.9625,0.010704,184.5,0.117362,0.001673
"20220209","MW89-4616","F7","Glyphosate","10","uM","1","",6.181814,5.758909,0.052594,331.13995,3.3365,287.30875,52.5,20,117.5,67.683761,1.200312,104.246668,192.58636,0.327913,532.051282,2.156239,0.071379
"20211103","MW502622D","D7","Lindane","10","uM","1","",2.145655,2.8925,0.02956,106.631156,0.811781,73.781344,39,24,39,55.572917,0.705648,95.295798,400.975,0.15437,397.458333,1.347996,0.017527
"20220209","MW89-4616","D7","Lindane","10","uM","1","",4.416636,4.055417,0.111804,422.488419,3.975025,404.7092,82,64.5,70,96,1.237537,120.912301,764.921667,0.135065,977.652015,2.560895,0.068464
"20211103","MW507214B","E7","Lindane","10","uM","1","DIV9 estimated as median from corresponding wells of 20211103_MW502622B,20211103_MW502622D; ",4.205609,4.815,0.040347,89.688469,1.267875,35.808469,37.75,24,46.5,55.666667,0.710721,53.408758,364.235,0.136464,365.871795,0.779178,0.020068
"20220209","MW89-4613","E7","Lindane","10","uM","1","",4.086589,5.045,0.049799,361.297042,1.791375,267.898,52,48,81.5,77.571429,1.161714,140.985958,276.23652,0.11049,693.007143,2.478213,0.061895
"20211103","MW502622B","F7","Lindane","10","uM","1","",2.640273,1.321429,0.175359,141.396,13.758,2.1465,18,1.5,0,0,0,0,0,0,0,-0.002641,1.1e-05
"20220209","MW89-4615","F7","Lindane","10","uM","1","",4.207091,5.343636,0.067833,365.8921,2.14965,235.60205,47.5,40,114.5,51.300157,0.900792,123.367296,206.245395,0.212336,427.938088,2.278004,0.060206
"20211103","MW502622B","D7","Rotenone","10","uM","1","",0,0,0,0,0,0,0,0,0,0,0,0,0,0,0,0,0
"20211103","MW502622D","E7","Rotenone","10","uM","1","",0,0,0,0,0,0,0,0,0,0,0,0,0,0,0,0,0
"20211103","MW507214B","F7","Rotenone","10","uM","1","DIV9 estimated as median from corresponding wells of 20211103_MW502622B,20211103_MW502622D; ",0,0,0,0,0,0,0,0,0,0,0,0,0,0,0,0,0
"20211103","MW507214B","A7","Thiamethoxam","10","uM","1","DIV9 estimated as median from corresponding wells of 20211103_MW502622B,20211103_MW502622D; ",0.791686,0.075,0,0,0,0,2.5,0,1.25,22.5,0.375,1.456664,0,0,40,0.00429,0
"20220209","MW89-4613","A7","Thiamethoxam","10","uM","1","",4.051448,4.611136,0.05273,334.37825,1.75115,205.952,54.5,20,91,76.584239,1.377954,126.800612,323.033571,0.294365,703.149457,2.14364,0.055302
"20211103","MW502622B","B7","Thiamethoxam","10","uM","1","",0,0,0,0,0,0,0,0,0,0,0,0,0,0,0,0,0
"20220209","MW89-4615","B7","Thiamethoxam","10","uM","1","",8.047209,10.536161,0.05351,351.649156,2.169156,175.588,78,64,164.5,96,1.379207,114.97573,811.355026,0.217593,955.288618,2.264565,0.098334
"20211103","MW502622D","C7","Thiamethoxam","10","uM","1","",4.520869,5.83125,0.035687,91.249687,0.570563,28.183594,33,24,113.5,41.513514,0.629005,28.128173,17.865411,0.083926,128.418919,0.371968,0.017956
"20220209","MW89-4616","C7","Thiamethoxam","10","uM","1","",5.429974,5.746875,0.103005,465.086302,3.560052,421.29149,95.5,63.5,93,90.166667,1.802607,97.362999,551.876106,0.407643,784.607456,2.289207,0.066621
"20211103","MW502622D","A7","Tributyltin Chloride","10","uM","1","",0,0,0,0,0,0,0,0,0,0,0,0,0,0,0,0,0
"20211103","MW507214B","B7","Tributyltin Chloride","10","uM","1","DIV9 estimated as median from corresponding wells of 20211103_MW502622B,20211103_MW502622D; ",0,0,0,0,0,0,0,0,0,0,0,0,0,0,0,0,0
"20211103","MW502622B","C7","Tributyltin Chloride","10","uM","1","",0,0,0,0,0,0,0,0,0,0,0,0,0,0,0,0,0
"20220209","MW89-4615","D3","Rotenone","1e-04","uM","1","",5.169072,7.217106,0.352704,352.7149,4.313633,206.426717,88.5,39.5,91.5,83.921171,1.606977,83.317456,635.077462,0.37301,762.779279,2.27504,0.057278
"20220209","MW89-4616","E3","Rotenone","1e-04","uM","1","",8.535522,9.078625,0.179434,366.911938,5.018969,276.194688,94,66,132,92.019231,1.762692,78.652489,399.87549,0.335001,763.853022,2.367217,0.091878
"20220209","MW89-4613","F3","Rotenone","1e-04","uM","1","",9.501027,5.925,0.358951,327.773393,3.73508,325.588143,42.5,32.5,127,35.139194,1.174699,76.064226,199.891667,0.409695,323.760073,1.687078,0.070354
"20220209","MW89-4616","A1","Tributyltin Chloride","1e-04","uM","1","",5.702882,6.44475,0.010716,147.105333,0.4395,19.834,45,13.5,109.5,59.515385,1.492773,80.039646,537.056771,0.566843,417.196154,2.256806,0.06666
"20220209","MW89-4613","B1","Tributyltin Chloride","1e-04","uM","1","",5.676942,5.052714,0.049298,362.246939,2.478016,278.822292,61,49.5,94.5,79.029221,1.618269,103.431996,970.364329,0.386533,780.61039,2.293181,0.075417
"20220209","MW89-4615","C1","Tributyltin Chloride","1e-04","uM","1","",6.228006,5.427857,0.060162,332.580569,2.411538,240.080885,64,53.5,103.5,83.470588,1.632371,78.319711,216.539333,0.378452,641.529412,1.846838,0.073736
"20211103","MW502622B","A6","Deltamethrin","3","uM","1","",2.763107,3.567143,0.038567,109.445,0.175,41.635,20.5,2.5,0,0,0,0,0,0,0,0.002659,7e-06
"20220209","MW89-4615","A6","Deltamethrin","3","uM","1","",1.663488,4.04869,0.146444,318.497655,1.083577,314.327494,53.5,26.5,57,40.690821,0.469064,96.726069,290.431534,0.076249,151.502415,0.934078,0.001392
"20211103","MW502622D","B6","Deltamethrin","3","uM","1","",0.476326,1.4175,0.045061,125,0.185,272.8325,14.5,2.5,1.5,9,0.1125,1.292091,0,0,16.5,0.004336,0
"20220209","MW89-4616","B6","Deltamethrin","3","uM","1","",2.599821,9.436429,0.223463,578.34865,1.562,376.965,72,52.5,105,56.968056,0.506061,164.379311,158.072285,0.067274,283.773611,1.539132,0.022084
"20211103","MW507214B","C6","Deltamethrin","3","uM","1","DIV9 estimated as median from corresponding wells of 20211103_MW502622B,20211103_MW502622D; ",0.555559,2.15,0.041814,117.2225,0.18,157.23375,5,2.5,0,0,0,0,0,0,0,4.1e-05,0
"20220209","MW89-4613","C6","Deltamethrin","3","uM","1","",1.833186,4.277769,0.157756,322.189527,1.214455,408.487482,67,43,72,55.035354,0.448486,147.221972,266.15,0.046833,266.141414,1.37061,0.012335
"20211103","MW507214B","D6","Glyphosate","3","uM","1","DIV9 estimated as median from corresponding wells of 20211103_MW502622B,20211103_MW502622D; ",2.934252,4.794214,0.402675,305.467025,2.6514,226.85075,41.75,29,32.75,33.714286,0.741944,29.1745,57.97875,0.135145,201.071429,0.72953,0.020085
"20220209","MW89-4613","D6","Glyphosate","3","uM","1","",5.020433,4.390549,0.068338,283.644375,3.103625,246.561875,73,30.5,95.5,83.658915,1.376528,125.898757,783.77381,0.43393,868.794574,2.154592,0.063657
"20211103","MW502622B","E6","Glyphosate","3","uM","1","",4.526493,4.728929,0.250205,196.153781,1.565563,182.648625,53,29,28,35.970588,0.695791,21.914862,75.76875,0.041237,247.294118,0.431055,0.011331
"20220209","MW89-4615","E6","Glyphosate","3","uM","1","",8.11031,9.602571,0.204489,488.210607,4.283964,261.003107,84,58,141,87.181818,1.446452,113.832762,463.26993,0.360252,849.041667,2.390976,0.093671
"20211103","MW502622D","F6","Glyphosate","3","uM","1","",4.081426,3.212143,0.067362,86.958107,9.821786,32.026929,28,21,16.5,22.5,0.259495,6.448019,44.0175,0.026707,178.909091,0.208198,0.003262
"20220209","MW89-4616","F6","Glyphosate","3","uM","1","",6.589132,5.086978,0.447294,362.053272,4.809577,496.958125,61.5,51.5,89,58.045455,1.128314,88.346453,220.8725,0.169105,526.990022,1.929733,0.061651
"20211103","MW502622D","D6","Lindane","3","uM","1","",5.122828,8.62375,0.1077,188.97951,1.22749,160.796417,50.5,39,103,55.567669,0.685633,41.847129,225.478571,0.109359,255.146617,0.628708,0.025319
"20220209","MW89-4616","D6","Lindane","3","uM","1","",5.208344,6.862198,0.099663,532.436404,3.094121,394.472382,78.5,72.5,115.5,83.396285,1.371818,139.662455,335.811269,0.223756,779.061146,2.983406,0.072491
"20211103","MW507214B","E6","Lindane","3","uM","1","DIV9 estimated as median from corresponding wells of 20211103_MW502622B,20211103_MW502622D; ",4.063105,3.603125,0.124873,106.593583,1.320033,191.240817,39.75,30,31.25,56.857143,0.647458,24.580565,259.967857,0.093969,339.457143,0.331215,0.009249
"20220209","MW89-4613","E6","Lindane","3","uM","1","",4.187185,4.752,0.077803,345.957,2.2526,126.3509,68,25,68.5,92.083333,1.241752,137.197443,693.583036,0.337109,781.588506,2.745448,0.060625
"20211103","MW502622B","F6","Lindane","3","uM","1","",2.735251,1.395,0.018721,115.3275,0.27,139.7685,27.5,3,10.5,19.285714,0.26868,30.184461,157.6875,0.049431,154.285714,0.463891,0.00154
"20220209","MW89-4615","F6","Lindane","3","uM","1","",4.506136,5.600769,0.068985,343.583125,2.25249,296.842433,60,50.5,103.5,76.734444,1.324161,145.982546,1005.855548,0.312186,731.821111,2.35636,0.064507
"20211103","MW502622B","D6","Rotenone","3","uM","1","",0,0,0,0,0,0,0,0,0,0,0,0,0,0,0,0,0
"20211103","MW502622D","E6","Rotenone","3","uM","1","",0,0,0,0,0,0,0,0,0,0,0,0,0,0,0,0,0
"20211103","MW507214B","F6","Rotenone","3","uM","1","DIV9 estimated as median from corresponding wells of 20211103_MW502622B,20211103_MW502622D; ",0,0,0,0,0,0,0,0,0,0,0,0,0,0,0,0,0
"20211103","MW507214B","A6","Thiamethoxam","3","uM","1","DIV9 estimated as median from corresponding wells of 20211103_MW502622B,20211103_MW502622D; ",0.586265,0.855,0.043479,78.765972,0.526667,173.697778,12.5,11.25,15,35.416667,0.336959,21.211104,163.806818,0.035798,157.916667,0.299935,0.001198
"20220209","MW89-4613","A6","Thiamethoxam","3","uM","1","",4.377416,5.595,0.273583,422.640917,2.931042,287.157208,60,50,66.5,55.134615,0.977637,106.582457,253.056,0.120017,590.339161,2.173994,0.057807
"20211103","MW502622B","B6","Thiamethoxam","3","uM","1","",0,0,0,0,0,0,0,0,0,0,0,0,0,0,0,0,0
"20220209","MW89-4615","B6","Thiamethoxam","3","uM","1","",7.370313,7.385708,0.159258,371.748287,3.509119,305.356775,80.5,64.5,104.5,90.284574,1.418306,69.426542,923.062253,0.286932,788.227837,1.782577,0.077943
"20211103","MW502622D","C6","Thiamethoxam","3","uM","1","",8.838151,11.5575,0.105339,268.178413,2.460448,185.629059,56,46.5,150,56.566667,0.685523,59.215643,176.632768,0.095086,263.066667,0.937086,0.025448
"20220209","MW89-4616","C6","Thiamethoxam","3","uM","1","",7.049041,8.5,0.265563,417.363104,4.123073,274.441187,93,70,97.5,91.416667,1.52496,95.030768,505.216894,0.287254,805.271396,2.571196,0.06353
"20211103","MW502622D","A6","Tributyltin Chloride","3","uM","1","",0,0,0,0,0,0,0,0,0,0,0,0,0,0,0,0,0
"20211103","MW507214B","B6","Tributyltin Chloride","3","uM","1","DIV9 estimated as median from corresponding wells of 20211103_MW502622B,20211103_MW502622D; ",0,0,0,0,0,0,0,0,0,0,0,0,0,0,0,0,0
"20211103","MW502622B","C6","Tributyltin Chloride","3","uM","1","",0,0,0,0,0,0,0,0,0,0,0,0,0,0,0,0,0
"20211103","MW502622B","A8","Deltamethrin","30","uM","1","",0,0,0,0,0,0,0,0,0,0,0,0,0,0,0,0,0
"20220209","MW89-4615","A8","Deltamethrin","30","uM","1","",0,0,0,0,0,0,0,0,0,0,0,0,0,0,0,0,0
"20211103","MW502622D","B8","Deltamethrin","30","uM","1","",0,0,0,0,0,0,0,0,0,0,0,0,0,0,0,0,0
"20220209","MW89-4616","B8","Deltamethrin","30","uM","1","",0,0,0,0,0,0,0,0,0,0,0,0,0,0,0,0,0
"20211103","MW507214B","C8","Deltamethrin","30","uM","1","DIV9 estimated as median from corresponding wells of 20211103_MW502622B,20211103_MW502622D; ",0,0,0,0,0,0,0,0,0,0,0,0,0,0,0,0,0
"20220209","MW89-4613","C8","Deltamethrin","30","uM","1","",0,0,0,0,0,0,0,0,0,0,0,0,0,0,0,0,0
"20211103","MW507214B","D8","Glyphosate","30","uM","1","DIV9 estimated as median from corresponding wells of 20211103_MW502622B,20211103_MW502622D; ",0.910439,0.1875,0,0,0,0,2.5,0,0,0,0,0,0,0,0,0.003962,0
"20220209","MW89-4613","D8","Glyphosate","30","uM","1","",4.246701,7.605238,0.152913,487.692119,2.528905,370.852048,49.5,30.5,64.5,56.954545,0.894268,107.098316,450.364062,0.176495,566.545455,1.835809,0.040799
"20211103","MW502622B","E8","Glyphosate","30","uM","1","",0,0,0,0,0,0,0,0,0,0,0,0,0,0,0,0,0
"20220209","MW89-4615","E8","Glyphosate","30","uM","1","",7.118062,10.112,0.06176,333.650233,1.7883,199.924833,80,60,135.5,89.602036,1.290497,112.549363,481.102143,0.156946,822.934659,2.287106,0.077802
"20211103","MW502622D","F8","Glyphosate","30","uM","1","",2.968404,2.31,0.085276,88.527,0.742,39.9385,19,4.5,0,0,0,0,0,0,0,0.008844,5e-06
"20220209","MW89-4616","F8","Glyphosate","30","uM","1","",4.856903,4.560769,0.043428,345.136346,2.6685,330.442615,58,22,73,52.438224,1.137237,75.851433,306.635417,0.379534,473.978764,2.198113,0.059855
"20211103","MW502622D","D8","Lindane","30","uM","1","",1.258339,0.27,0,0,0,0,1.5,0,0,0,0,0,0,0,0,0,0
"20220209","MW89-4616","D8","Lindane","30","uM","1","",4.38436,6.4075,0.055689,385.93397,2.274053,297.375159,54,46.5,69,70.778846,1.461783,141.365558,545.375429,0.165239,693.751923,3.49973,0.073275
"20211103","MW507214B","E8","Lindane","30","uM","1","DIV9 estimated as median from corresponding wells of 20211103_MW502622B,20211103_MW502622D; ",2.509167,0.63,0.203442,5.589,1.3305,85.4385,3,1.5,0,0,0,0,0,0,0,-0.003171,8e-06
"20220209","MW89-4613","E8","Lindane","30","uM","1","",2.31705,3.617143,0.079179,389.64575,1.399,284.084625,35.5,20.5,51.5,48.576923,1.104958,119.409228,543.63825,0.302416,459.75,2.159075,0.028644
"20211103","MW502622B","F8","Lindane","30","uM","1","",0,0,0,0,0,0,0,0,0,0,0,0,0,0,0,0,0
"20220209","MW89-4615","F8","Lindane","30","uM","1","",2.948432,2.58,0.020183,135.790625,0.715375,57.732875,38,18,37,49.108696,1.814409,47.265566,57.603409,0.022433,521.152174,1.108588,0.029432
"20211103","MW502622B","D8","Rotenone","30","uM","1","",0,0,0,0,0,0,0,0,0,0,0,0,0,0,0,0,0
"20211103","MW502622D","E8","Rotenone","30","uM","1","",0,0,0,0,0,0,0,0,0,0,0,0,0,0,0,0,0
"20211103","MW507214B","F8","Rotenone","30","uM","1","DIV9 estimated as median from corresponding wells of 20211103_MW502622B,20211103_MW502622D; ",0,0,0,0,0,0,0,0,0,0,0,0,0,0,0,0,0
"20211103","MW507214B","A8","Thiamethoxam","30","uM","1","DIV9 estimated as median from corresponding wells of 20211103_MW502622B,20211103_MW502622D; ",0.384732,0,0,0,0,0,1.25,0,0,0,0,0,0,0,0,0,0
"20220209","MW89-4613","A8","Thiamethoxam","30","uM","1","",6.044261,4.579091,0.323652,157.162227,4.557227,91.080182,47.5,19,46,77.192308,1.88092,45.376922,1586.803,0.17433,615.192308,1.458593,0.041172
"20211103","MW502622B","B8","Thiamethoxam","30","uM","1","",0,0,0,0,0,0,0,0,0,0,0,0,0,0,0,0,0
"20220209","MW89-4615","B8","Thiamethoxam","30","uM","1","",8.907932,8.093681,0.31978,228.08575,4.174607,233.683357,71.5,37.5,112,89.036458,1.757664,69.361174,1104.916667,0.362727,909.416667,1.807329,0.083566
"20211103","MW502622D","C8","Thiamethoxam","30","uM","1","",2.287807,0.27,0.061001,22.8705,0.285,115.0905,14.5,1.5,0,0,0,0,0,0,0,0.0034,1.3e-05
"20220209","MW89-4616","C8","Thiamethoxam","30","uM","1","",15.285362,8.51478,0.057727,331.169335,1.925038,201.21517,87,54.5,135,85.386853,1.595128,113.564839,703.786842,0.292653,826.982759,2.098397,0.092182
"20211103","MW502622D","A8","Tributyltin Chloride","30","uM","1","",0,0,0,0,0,0,0,0,0,0,0,0,0,0,0,0,0
"20211103","MW507214B","B8","Tributyltin Chloride","30","uM","1","DIV9 estimated as median from corresponding wells of 20211103_MW502622B,20211103_MW502622D; ",0,0,0,0,0,0,0,0,0,0,0,0,0,0,0,0,0
"20211103","MW502622B","C8","Tributyltin Chloride","30","uM","1","",0,0,0,0,0,0,0,0,0,0,0,0,0,0,0,0,0
"20220209","MW89-4615","D4","Rotenone","3e-04","uM","1","",4.949842,5.875534,0.124619,383.705182,3.246432,376.900659,77.5,45.5,85.5,80.028571,1.754781,98.760478,628.950899,0.356326,815.842857,2.261114,0.057347
"20220209","MW89-4616","E4","Rotenone","3e-04","uM","1","",5.080223,6.545625,0.062359,327.86575,2.491,229.8935,84,64,100,96,1.537717,122.080889,784.46369,0.366619,828.193446,2.416733,0.058332
"20220209","MW89-4613","F4","Rotenone","3e-04","uM","1","",6.191239,5.41,0.087127,306.229083,2.89125,157.480667,52,25.5,90,46.370833,1.141444,59.179677,202.157168,0.462344,391.2125,1.875092,0.072808
"20220209","MW89-4616","A3","Tributyltin Chloride","3e-04","uM","1","",5.890004,5.006923,0.052678,346.218023,2.415545,333.865591,56.5,44,105.5,73.972222,1.317707,90.056787,289.174587,0.176853,689.444444,1.986191,0.067662
"20220209","MW89-4613","B3","Tributyltin Chloride","3e-04","uM","1","",4.208248,4.599821,0.061085,338.513395,2.176563,259.202466,75.5,51.5,72,91.136364,1.259668,92.804105,1054.645192,0.214233,747.626263,2.094641,0.050968
"20220209","MW89-4615","C3","Tributyltin Chloride","3e-04","uM","1","",5.889944,5.638143,0.057281,338.324321,2.414179,306.510464,75.5,56,91,87.120833,1.819274,92.463561,801.712607,0.356867,851.870833,2.184215,0.067675
"20220209","MW89-4615","D1","Rotenone","3e-05","uM","1","",6.04761,5.254615,0.051981,316.78475,2.655115,252.90601,58,29.5,97,79.212766,1.351417,114.238095,1390.783016,0.332891,695.614657,2.269515,0.08208
"20220209","MW89-4616","E1","Rotenone","3e-05","uM","1","",6.593565,5.42,0.061549,346.764833,3.102167,244.3088,80,60,88.5,90.318182,1.721217,67.278941,1062.678041,0.311405,786.686603,2.125343,0.075843
"20220209","MW89-4613","F1","Rotenone","3e-05","uM","1","",3.558004,3.366,0.021723,140.05515,1.2336,61.0734,44,15,48.5,50.625,1.182613,85.679066,509.175815,0.087856,438.375,2.301502,0.04743
