"date","Plate.SN","well","treatment","dose","units","wllq","wllq_notes","CCTE_Shafer_MEA_dev_firing_rate_mean","CCTE_Shafer_MEA_dev_burst_rate","CCTE_Shafer_MEA_dev_per_burst_interspike_interval","CCTE_Shafer_MEA_dev_per_burst_spike_percent","CCTE_Shafer_MEA_dev_burst_duration_mean","CCTE_Shafer_MEA_dev_interburst_interval_mean","CCTE_Shafer_MEA_dev_active_electrodes_number","CCTE_Shafer_MEA_dev_bursting_electrodes_number","CCTE_Shafer_MEA_dev_network_spike_number","CCTE_Shafer_MEA_dev_network_spike_peak","CCTE_Shafer_MEA_dev_spike_duration_mean","CCTE_Shafer_MEA_dev_per_network_spike_spike_percent","CCTE_Shafer_MEA_dev_inter_network_spike_interval_mean","CCTE_Shafer_MEA_dev_network_spike_duration_std","CCTE_Shafer_MEA_dev_per_network_spike_spike_number_mean","CCTE_Shafer_MEA_dev_correlation_coefficient_mean","CCTE_Shafer_MEA_dev_mutual_information_norm"
"20180801","MW1207-22","A1","1475812","0.00000","uM","1","",7.311026,12.353798,0.262542,330.541817,2.981142,231.413683,78,60.5,100,46.920455,1.19794,27.697061,1260.401216,0.336487,203.996212,0.307637,0.009638
"20180801","MW1207-21","A2","1475812","0.00000","uM","0","Fungal contamination; ",17.839614,28.021,0.735436,469.0505,15.58935,239.84275,90,60.5,94.5,55.095734,1.184487,18.105197,439.151923,0.373022,203.146329,0.379201,0.008804
"20180801","MW1207-23","A2","1475812","0.00000","uM","1","",6.765451,7.515625,0.380987,218.857037,3.584821,267.064494,67.5,56,96.5,39.996047,0.883225,26.320115,232.475833,0.261091,191.324111,0.357181,0.009664
"20180801","MW1207-22","B1","1475816","0.00000","uM","1","",4.93076,9.447071,0.243757,328.239096,2.255096,263.458212,63.5,46.5,61,38.625,0.772305,26.165523,268.686111,0.189079,168.8125,0.342188,0.003924
"20180801","MW1207-21","B2","1475816","0.00000","uM","0","Fungal contamination; ",3.911997,6.202143,0.11957,238.029297,1.525132,275.474544,52,37,117,41.4525,0.785553,36.839312,165.068878,0.14518,119.26875,0.270794,0.003515
"20180801","MW1207-23","B2","1475816","0.00000","uM","1","",5.762617,8.063308,0.243353,379.785269,2.735308,388.574385,57,41.5,91,23.769231,0.686035,29.243528,199.755482,0.23867,115.615385,0.237151,0.004519
"20180801","MW1207-22","C1","1475817","0.00000","uM","1","",4.005919,5.5405,0.184064,230.171332,2.154587,220.145927,63,47,109,25.141207,0.882482,31.261443,138.019375,0.325654,112.529525,0.279443,0.002827
"20180801","MW1207-21","C2","1475817","0.00000","uM","0","Fungal contamination; ",7.15754,13.675857,0.229026,207.611955,3.187073,122.956955,63.5,50,118.5,26.963203,1.067736,15.2433,134.701308,0.557675,120.080628,0.161134,0.007985
"20180801","MW1207-23","C2","1475817","0.00000","uM","1","",4.634002,10.36875,0.196702,214.087683,2.5895,191.822165,55,41.5,125.5,24.319079,0.708093,21.000335,159.41994,0.166465,85.667763,0.144868,0.003783
"20180801","MW1207-22","D1","1475818","0.00000","uM","1","",3.458057,6.954286,0.174416,257.777821,1.969714,241.775643,52,38.5,109,25.388587,0.7302,39.378326,171.155,0.26714,98.790761,0.252211,0.003238
"20180801","MW1207-21","D2","1475818","0.00000","uM","0","Fungal contamination; ",6.507214,13.323091,0.284806,276.067202,3.198643,340.392238,56,45.5,93.5,26.340659,1.001217,13.699999,184.405921,0.309723,100.535714,0.228862,0.006001
"20180801","MW1207-23","D2","1475818","0.00000","uM","1","",8.049881,14.89,0.287393,332.924556,3.472139,189.782403,49,42.5,90.5,24.152597,0.809677,10.544516,250.694512,0.349116,99.061688,0.159056,0.00693
"20180801","MW1207-22","E1","1475820","0.00000","uM","1","",8.531091,15.164286,0.476432,289.02492,4.760643,253.014259,47.5,48,72.5,33.2375,0.571276,18.368139,318.284349,0.150803,106.860714,0.18062,0.002484
"20180801","MW1207-21","E2","1475820","0.00000","uM","0","Fungal contamination; ",4.198292,6.227949,0.283596,256.804705,3.505091,342.515765,52.5,35.5,78.5,39.305556,0.814711,24.856134,251.895714,0.164342,120.541667,0.248192,0.002764
"20180801","MW1207-23","E2","1475820","0.00000","uM","1","",4.296242,6.8975,0.142273,213.994,2.2676,256.5956,47.5,35,78,27.535714,0.537973,13.4535,341.540244,0.145587,68.22619,0.081829,0.001173
"20180801","MW1207-22","F1","1475823","0.00000","uM","1","",9.530468,8.611875,0.359815,273.329844,3.047094,419.295969,62.5,53.5,88.5,45.740385,1.080615,32.118054,202.736786,0.174739,183.375,0.334059,0.006942
"20180801","MW1207-21","F2","1475823","0.00000","uM","0","Fungal contamination; ",8.281326,11.76,0.268389,266.67515,5.930475,104.10975,57.5,32.5,60,43.933333,0.596199,12.731224,362.121552,0.172747,210.233333,0.268638,0.004879
"20180801","MW1207-23","F2","1475823","0.00000","uM","1","",7.561146,13.552462,0.406159,264.368067,4.334825,231.012592,73,54.5,81,54,1.339943,16.735648,1028.379688,0.537717,204.5,0.362909,0.009784
"20180815","MW1207-24","A2","1475827","0.00000","uM","1","",8.163048,13.04625,0.285564,192.490469,4.414062,131.511,55,44,153,43.721014,0.598137,16.368933,369.623626,0.260678,110.771739,0.273041,0.005924
"20180815","MW1207-25","B2","1475827","0.00000","uM","1","",7.499402,12.575455,0.490845,225.741596,4.208795,259.268314,58,38.5,162.5,39.210606,0.546249,25.824834,199.704635,0.220009,123.966667,0.492559,0.010408
"20180815","MW1207-26","C2","1475827","0.00000","uM","1","",5.103016,9.384095,0.261001,347.183952,2.846833,284.66625,61.5,51.5,121,63.605556,1.227273,48.731034,471.063593,0.220079,197.494444,0.824039,0.010292
"20180815","MW1207-26","A2","1475829","0.00000","uM","1","",10.2832,16.298571,0.450163,262.577509,4.945091,178.487727,80,58,504,41.511438,0.548083,41.474151,121.963761,0.281938,121.55719,0.460945,0.015314
"20180815","MW1207-24","B2","1475829","0.00000","uM","1","",6.766744,12.833429,0.240201,229.925643,3.632821,110.721429,69.5,46,386.5,35.080497,0.52995,39.265358,60.183205,0.286799,93.130563,0.418144,0.01473
"20180815","MW1207-25","C2","1475829","0.00000","uM","1","",2.733919,4.94,0.21407,218.601083,2.53425,226.322167,23,16.5,40,31.35,0.546894,28.643947,745.230263,0.154912,88.275,0.47807,0.003645
"20180815","MW1207-25","A2","1475830","0.00000","uM","1","",9.266717,14.781462,0.53358,298.150795,7.026682,154.942036,73.5,52.5,139.5,41.32598,0.710466,32.917648,172.964819,0.33631,153.090686,0.409063,0.012912
"20180815","MW1207-26","B2","1475830","0.00000","uM","1","",6.389924,9.807857,0.168862,233.658175,1.899377,165.20161,65.5,48.5,96.5,51.924216,0.760427,30.689383,190.923558,0.190383,171.787456,0.542226,0.008233
"20180815","MW1207-24","C2","1475830","0.00000","uM","1","",6.59639,13.792,0.234145,198.756495,2.780055,153.940352,49,37,89.5,49.332996,0.681114,23.425498,207.189752,0.171113,178.353239,0.35189,0.007971
"20180815","MW1207-24","D2","1475831","0.00000","uM","1","",5.877955,10.762909,0.474396,235.210833,4.180349,259.899778,58.5,45.5,83,48.91769,0.977091,22.481947,214.3625,0.508246,162.070025,0.36023,0.00638
"20180815","MW1207-25","E2","1475831","0.00000","uM","1","",5.088002,9.822857,0.168721,307.2705,2.111375,191.119875,27,19,42.5,35.7,0.552923,23.783293,360.310714,0.109293,110.35,0.573942,0.003601
"20180815","MW1207-26","F2","1475831","0.00000","uM","1","",7.395297,15.789107,0.364607,315.037964,3.370488,208.214836,80,69,138.5,68.638393,1.185338,36.798169,557.313575,0.390321,202.782738,0.725613,0.017027
"20180815","MW1207-26","D2","1475833","0.00000","uM","1","",5.106672,9.463052,0.352663,318.283615,4.344385,231.315938,81,60,98.5,69.407666,1.276993,34.86635,166.195817,0.228257,217.849303,0.575168,0.012587
"20180815","MW1207-24","E2","1475833","0.00000","uM","1","",4.483778,5.574643,0.146894,223.214269,1.643577,210.299731,49.5,32,73.5,48.352011,0.537717,47.893372,229.93888,0.112327,155.958333,0.534934,0.006509
"20180815","MW1207-25","F2","1475833","0.00000","uM","1","",5.08542,5.184,0.182514,152.322083,1.560333,266.819958,44.5,33,76.5,46.458333,0.557031,36.606839,308.572232,0.123718,146.638889,0.397125,0.007508
"20180815","MW1207-25","D2","1475836","0.00000","uM","1","",9.05942,14.503786,0.311357,308.784774,4.22003,218.175518,61,57,216.5,56.845924,1.251782,35.255759,386.547149,0.443977,209.573641,0.798734,0.022455
"20180815","MW1207-26","E2","1475836","0.00000","uM","1","",8.448532,13.333269,0.318617,281.848947,2.574584,233.516521,73,60,116.5,54.459016,0.752921,31.785067,238.458056,0.312136,208.036885,0.483377,0.010769
"20180815","MW1207-24","F2","1475836","0.00000","uM","1","",8.65689,14.841818,0.5537,228.808256,3.691967,188.924756,70.5,49,219,41.267176,0.564102,23.955304,254.797692,0.350217,128.421968,0.31331,0.007542
"20180801","MW1207-21","A1","1475812","0.03000","uM","0","Fungal contamination; ",13.563138,26.228864,0.446775,258.560163,5.624731,182.861388,74,59,83.5,51.709524,1.300864,10.664392,502.695425,0.475666,211.733333,0.139393,0.007837
"20180801","MW1207-23","A1","1475812","0.03000","uM","1","",8.170608,14.890625,0.300598,261.581156,3.173429,220.301057,73.5,53.5,117,33.682471,0.899088,16.304498,197.608493,0.296885,144.301724,0.21819,0.007253
"20180801","MW1207-22","A2","1475812","0.03000","uM","1","",5.14176,10.748786,0.514407,255.549027,4.186652,217.253821,66.5,43,64.5,43.059524,0.799708,26.46329,295.506597,0.209949,194.472222,0.468793,0.009123
"20180801","MW1207-21","B1","1475816","0.03000","uM","0","Fungal contamination; ",6.474108,11.573182,0.245326,375.86255,3.1464,295.349,66,51.5,63.5,40.474138,0.690744,15.945792,329.370536,0.21453,187.375,0.435038,0.005593
"20180801","MW1207-23","B1","1475816","0.03000","uM","1","",3.758785,6.408,0.216889,178.013033,2.3149,208.978833,56,30,50.5,36.649351,0.758675,20.804976,395.633333,0.139352,123.090909,0.191749,0.002838
"20180801","MW1207-22","B2","1475816","0.03000","uM","1","",3.35461,5.653542,0.20854,306.295883,2.373,361.260367,52.5,39.5,93.5,27.692308,0.7709,62.092415,183.938715,0.213099,139.914835,0.29603,0.005852
"20180801","MW1207-21","C1","1475817","0.03000","uM","0","Fungal contamination; ",3.424337,8.190429,0.271708,330.274782,2.413055,478.833136,66.5,52,83,30.160714,0.906871,22.026525,320.97892,0.332057,115.696429,0.323057,0.002768
"20180801","MW1207-23","C1","1475817","0.03000","uM","1","",2.628049,4.343077,0.245212,141.999182,1.7415,115.947273,36.5,19,67,23.188312,0.568877,28.420995,377.002865,0.156037,80.88961,0.119095,0.002045
"20180801","MW1207-22","C2","1475817","0.03000","uM","1","",5.987536,13.422857,0.187699,267.674755,2.361391,168.420155,76,50,118.5,24.122175,0.892275,19.136287,176.352155,0.301637,112.271893,0.221238,0.008642
"20180801","MW1207-21","D1","1475818","0.03000","uM","0","Fungal contamination; ",3.988858,5.993377,0.179519,253.950955,1.871384,229.978375,52.5,41,101,28.050325,0.699261,32.271286,189.20559,0.249791,111.936688,0.253413,0.002523
"20180801","MW1207-23","D1","1475818","0.03000","uM","1","",7.63576,15.389123,0.324582,259.050616,3.482393,436.668679,65.5,43,94,27.510417,0.800729,12.230341,173.171429,0.307429,104.354167,0.161864,0.003092
"20180801","MW1207-22","D2","1475818","0.03000","uM","1","",3.876636,6.59625,0.18264,256.560531,2.054781,211.574344,53,44,99,24.036585,0.759831,25.625194,179.524464,0.198424,86.813008,0.186398,0.003325
"20180801","MW1207-21","E1","1475820","0.03000","uM","0","Fungal contamination; ",2.722124,5.6,0.206613,293.605667,2.08844,439.647464,51,30.5,71.5,43.676136,0.706761,32.819048,321.515402,0.131731,125.471591,0.267664,0.00238
"20180801","MW1207-23","E1","1475820","0.03000","uM","1","",7.809531,9.757962,0.676708,173.972178,4.936256,288.166944,69,47,67,36.857143,0.79002,13.031881,277.361111,0.25752,141.089286,0.120252,0.003401
"20180801","MW1207-22","E2","1475820","0.03000","uM","1","",3.384358,4.616044,0.135255,222.67987,2.111071,293.464253,43,36.5,106,24.607955,0.740678,39.45301,164.309884,0.242998,104.25,0.331379,0.003281
"20180801","MW1207-21","F1","1475823","0.03000","uM","0","Fungal contamination; ",7.311375,10.8415,0.45034,296.318708,4.124506,221.433903,71,50.5,86,37.058824,0.947932,21.486578,202.154196,0.29867,138.472689,0.332234,0.011251
"20180801","MW1207-23","F1","1475823","0.03000","uM","1","",10.989852,20.70375,0.452157,273.469406,5.463406,179.942594,80,68,124.5,45.086842,1.287285,13.396327,148.801531,0.471568,169.480526,0.208337,0.00988
"20180801","MW1207-22","F2","1475823","0.03000","uM","1","",4.361191,7.605,0.229546,251.5985,2.88525,239.2875,39,33,66.5,27.114919,0.562646,16.944089,269.353929,0.277453,81.808468,0.330951,0.002441
"20180815","MW1207-24","A1","1475827","0.03000","uM","1","",9.177771,16.778961,0.497777,264.550518,4.411161,169.167098,62.5,43,405,45.139216,0.501456,33.190019,230.951206,0.278213,158.175817,0.348473,0.012259
"20180815","MW1207-25","B1","1475827","0.03000","uM","1","",3.52176,5.53028,0.528177,275.249264,3.822486,387.831833,55,42.5,67.5,43.95,0.821818,48.34675,213.394173,0.18485,203.791667,0.631692,0.010432
"20180815","MW1207-26","C1","1475827","0.03000","uM","1","",9.952436,22.439286,0.493552,328.811344,4.856945,149.956409,69.5,52.5,106.5,47.169118,1.016168,22.142628,204.223773,0.351938,208.867647,0.535828,0.012243
"20180815","MW1207-26","A1","1475829","0.03000","uM","1","",13.022461,15.7115,0.470509,357.701082,56.164909,178.139327,67,54,97.5,48.9875,0.884516,24.146856,167.529808,0.288485,208.854167,0.608047,0.011678
"20180815","MW1207-24","B1","1475829","0.03000","uM","1","",3.13032,6.665893,0.159696,222.690335,1.608464,208.6995,41.5,41.5,93,44.130952,0.748735,47.279461,213.431264,0.25156,141.321429,0.564267,0.008077
"20180815","MW1207-25","C1","1475829","0.03000","uM","1","",7.774268,12.03,0.470585,291.008625,3.415813,262.364,29.5,26.5,52.5,44.341667,0.523935,34.880618,272.328409,0.135688,149.991667,0.691681,0.002914
"20180815","MW1207-25","A1","1475830","0.03000","uM","1","",10.719579,13.099,0.488671,193.008107,7.757607,177.6705,58.5,48,73,43.119658,0.794891,14.872908,209.015545,0.311219,177.880342,0.292911,0.006617
"20180815","MW1207-26","B1","1475830","0.03000","uM","1","",5.456955,9.504286,0.179693,250.910238,2.635429,164.603107,76.5,58.5,103.5,50.879552,0.786291,30.987397,145.721591,0.29496,181.376751,0.67856,0.010041
"20180815","MW1207-24","C1","1475830","0.03000","uM","1","",4.20327,4.776,0.196582,171.994133,4.080067,247.678933,42.5,30,52.5,44.311111,0.598489,22.413897,327.164309,0.254372,125.741667,0.227033,0.00351
"20180815","MW1207-24","D1","1475831","0.03000","uM","1","",8.013422,14.309489,0.388408,260.34926,3.952139,288.422965,59.5,50.5,375,52.145652,0.522952,35.746859,188.154714,0.271173,165.550362,0.542852,0.014228
"20180815","MW1207-25","E1","1475831","0.03000","uM","1","",9.023695,9.713571,0.429844,245.184238,5.306714,259.784643,40,38,87,51.35307,0.555297,61.833929,225.141216,0.110523,177.592105,0.723847,0.007703
"20180815","MW1207-26","F1","1475831","0.03000","uM","1","",10.410776,20.202917,0.481603,303.406323,4.370198,129.562792,84.5,67.5,402,48.942057,0.997877,38.920259,63.447998,0.443656,138.773105,0.562188,0.019938
"20180815","MW1207-26","D1","1475833","0.03000","uM","1","",7.201946,16.009,0.319713,379.547996,2.984766,188.259258,53.5,47.5,85,59.075893,1.195195,29.951354,205.906141,0.243646,171.002232,0.536177,0.007971
"20180815","MW1207-24","E1","1475833","0.03000","uM","1","",7.995122,14.829857,0.267363,192.210036,3.342643,155.168214,67.5,56,91.5,49.458333,0.786217,20.781859,182.559643,0.252986,169.625,0.338188,0.006722
"20180815","MW1207-25","F1","1475833","0.03000","uM","1","",7.976408,12.787143,0.577703,191.767357,4.908929,331.642929,35,25,67,35.464286,0.573303,15.756048,270.163889,0.118503,98.267857,0.307728,0.003826
"20180815","MW1207-25","D1","1475836","0.03000","uM","1","",5.007296,5.187857,0.226827,193.7565,3.134,161.62275,42,28,69.5,48.513975,0.49115,33.904907,223.184178,0.147239,121.967391,0.414714,0.003674
"20180815","MW1207-26","E1","1475836","0.03000","uM","1","",7.30253,14.674568,0.37532,239.9645,2.7083,297.95135,64,51.5,170,46.688095,0.617262,30.928422,180.93589,0.241121,147.030952,0.405807,0.008136
"20180815","MW1207-24","F1","1475836","0.03000","uM","1","",6.584819,14.8725,0.495031,258.420955,3.552968,200.858692,52,36.5,146.5,50.041528,0.491513,28.958204,316.711275,0.186635,158.539867,0.439236,0.010928
"20180801","MW1207-21","A3","1475812","0.10000","uM","0","Fungal contamination; ",8.053536,12.028125,0.420914,328.769661,6.729978,164.864616,88,63,106.5,54.659091,1.221875,21.494034,132.724702,0.273245,178.522727,0.325273,0.009836
"20180801","MW1207-22","A3","1475812","0.10000","uM","1","",7.732683,9.483482,0.16162,218.837579,3.234029,168.921993,71.5,57.5,106,56.656433,1.365307,20.406594,1450.216773,0.574448,188.53655,0.399411,0.01348
"20180801","MW1207-23","A3","1475812","0.10000","uM","1","",7.961272,15.772817,0.372547,339.900875,4.841688,195.247344,69,53,88,39.178571,0.683876,19.837655,230.225745,0.196508,183.964286,0.246832,0.007208
"20180801","MW1207-21","B3","1475816","0.10000","uM","0","Fungal contamination; ",5.903471,9.818365,0.406162,253.763122,4.143719,219.648511,64.5,53.5,139.5,25.259041,0.858442,19.773688,116.58311,0.372073,89.939858,0.165825,0.005411
"20180801","MW1207-22","B3","1475816","0.10000","uM","1","",2.247309,6.325909,0.253881,419.086571,2.403018,314.396982,52.5,37.5,74.5,22.886364,0.658134,38.180813,282.83941,0.154856,96.886364,0.208423,0.002535
"20180801","MW1207-23","B3","1475816","0.10000","uM","1","",7.450661,13.860256,0.28814,262.25729,2.842803,307.846274,52.5,45.5,103,23.15625,0.693503,25.730877,163.023171,0.291369,104.21875,0.175755,0.004519
"20180801","MW1207-21","C3","1475817","0.10000","uM","0","Fungal contamination; ",7.105842,11.26075,0.456362,263.610429,4.757179,218.868929,48.5,40.5,74,29.9375,0.739241,23.820201,297.1,0.26414,121.395833,0.230437,0.005337
"20180801","MW1207-22","C3","1475817","0.10000","uM","1","",2.648612,4.996625,0.278487,248.245615,2.177038,391.380038,56.5,36,68.5,31.726891,0.811347,21.379719,361.677652,0.26532,82.960084,0.199409,0.002311
"20180801","MW1207-23","C3","1475817","0.10000","uM","1","",7.678788,8.264856,0.305767,349.151155,8.350244,334.000571,66.5,59.5,116.5,42.989899,1.281604,33.411721,632.35566,0.405651,203.755051,0.286437,0.009437
"20180801","MW1207-21","D3","1475818","0.10000","uM","0","Fungal contamination; ",6.835316,9.687,0.271598,255.085513,3.071075,322.542825,57.5,49,88,45.125874,1.275027,18.09762,239.218421,0.313535,178.496503,0.271387,0.006235
"20180801","MW1207-22","D3","1475818","0.10000","uM","1","",3.462497,4.6725,0.128141,261.78475,2.053375,263.85625,37,33,66,35.340996,0.780321,53.515524,266.389732,0.153535,152.775862,0.565327,0.008125
"20180801","MW1207-23","D3","1475818","0.10000","uM","1","",5.300798,7.863231,0.280688,206.293071,2.7789,328.971229,63,42,82,34.013158,0.762171,20.740094,245.866366,0.227338,153.157895,0.204754,0.006937
"20180801","MW1207-21","E3","1475820","0.10000","uM","0","Fungal contamination; ",7.333352,12.357716,0.40952,243.20575,4.373479,215.509809,61.5,48.5,110.5,42.884358,1.024772,15.216561,158.343496,0.31889,125.425134,0.155444,0.004483
"20180801","MW1207-22","E3","1475820","0.10000","uM","1","",4.814507,5.156693,0.277495,265.84724,2.680406,321.095427,66.5,41,114,23.568627,0.761193,31.709144,172.223786,0.188514,95.960784,0.255151,0.004591
"20180801","MW1207-23","E3","1475820","0.10000","uM","1","",4.54856,5.686875,0.140076,184.2636,2.178825,251.611725,60,42.5,127,24.216117,0.740236,19.332315,185.154032,0.22093,93.749084,0.168663,0.005237
"20180801","MW1207-21","F3","1475823","0.10000","uM","0","Fungal contamination; ",6.494842,7.296136,0.261264,275.706243,3.927024,437.920389,64.5,51,106.5,53.770909,1.148337,31.637427,955.696939,0.440258,198.41,0.390355,0.009955
"20180801","MW1207-22","F3","1475823","0.10000","uM","1","",9.836788,14.759196,0.420006,256.787504,9.484563,179.095097,73,57.5,134,55.511521,1.249405,26.402574,834.340686,0.474162,197.26129,0.304566,0.011164
"20180801","MW1207-23","F3","1475823","0.10000","uM","1","",6.216608,9.778125,0.188083,204.914123,2.858695,159.77075,70,48.5,103,41.75,0.954383,22.658965,243.377614,0.313216,200.403846,0.372432,0.013856
"20180815","MW1207-24","A3","1475827","0.10000","uM","1","",15.332987,27.128239,0.815018,260.26635,14.053375,132.000225,66,45,145.5,40.681034,0.587013,11.659517,348.136337,0.303958,107.554598,0.214796,0.004622
"20180815","MW1207-25","B3","1475827","0.10000","uM","1","",6.383448,12.418364,0.276419,242.617729,4.370529,138.403571,58,40,148,47.164634,0.522016,23.052306,232.575926,0.164271,130.689024,0.438175,0.007026
"20180815","MW1207-26","C3","1475827","0.10000","uM","1","",7.112504,13.071636,0.306606,269.766019,3.277173,248.453596,67,48.5,156,43.02381,0.961655,32.718114,199.842798,0.334943,186.071429,0.561188,0.014409
"20180815","MW1207-26","A3","1475829","0.10000","uM","1","",12.496853,19.142143,0.416161,302.361497,18.775962,138.167887,86,61.5,247.5,42.541667,0.662082,28.899535,162.851298,0.231135,140.522619,0.379011,0.01375
"20180815","MW1207-24","B3","1475829","0.10000","uM","1","",5.413791,8.043,0.200874,233.231893,6.985476,220.528583,53.5,36,88.5,49.929293,0.662149,21.402454,258.705669,0.180417,146.234848,0.460426,0.006085
"20180815","MW1207-25","C3","1475829","0.10000","uM","1","",3.60532,8.73,0.228166,225.181339,2.050393,152.6305,53.5,35.5,73.5,45.980392,0.629054,32.601531,293.257102,0.180671,140.69281,0.530074,0.00647
"20180815","MW1207-25","A3","1475830","0.10000","uM","1","",6.08366,13.297292,0.202432,231.07975,2.051385,132.601385,72,54,402,37.76009,0.487725,45.702366,87.172713,0.264668,91.215496,0.524358,0.012808
"20180815","MW1207-26","B3","1475830","0.10000","uM","1","",8.107386,18.916875,0.351304,260.636981,3.41175,195.122769,65,48.5,407,40.770449,0.712839,38.606673,164.46751,0.299757,119.922811,0.393052,0.012272
"20180815","MW1207-24","C3","1475830","0.10000","uM","1","",3.285737,8.297308,0.19471,221.925562,1.666125,164.608812,48.5,32,81.5,47.370968,0.587504,34.864333,200.553077,0.118012,126.703917,0.429591,0.002531
"20180815","MW1207-24","D3","1475831","0.10000","uM","1","",7.591999,15.4625,0.488128,286.134076,4.130553,159.224076,55,40.5,106,48.361111,0.705902,29.716369,241.991509,0.248832,159.472222,0.389961,0.00723
"20180815","MW1207-25","E3","1475831","0.10000","uM","1","",4.595001,5.191154,0.184211,203.770482,2.967643,223.073339,55,35.5,120,39.308333,0.491675,41.470121,205.527889,0.167924,125.625,0.519449,0.006126
"20180815","MW1207-26","F3","1475831","0.10000","uM","1","",12.610888,30.493714,0.618139,478.944529,6.096764,215.09035,83.5,76.5,130.5,76.209382,1.714505,40.647674,328.382547,0.656263,301.546911,1.076361,0.027508
"20180815","MW1207-26","D3","1475833","0.10000","uM","1","",5.58195,8.804,0.24047,317.015714,2.482268,263.688946,57.5,37.5,132,42.710784,0.6278,41.957244,204.226425,0.250486,158.821078,0.496995,0.009659
"20180815","MW1207-24","E3","1475833","0.10000","uM","1","",7.26736,12.728221,0.189183,217.191083,2.662927,137.276896,75,54,133,53.041906,0.834188,30.630243,194.915152,0.335001,204.831228,0.5531,0.014963
"20180815","MW1207-25","F3","1475833","0.10000","uM","1","",6.16514,17.315844,0.351322,355.300346,3.015308,131.827615,56.5,34,271.5,39.187629,0.501238,32.74453,192.695682,0.146304,83.574534,0.346795,0.007452
"20180815","MW1207-25","D3","1475836","0.10000","uM","1","",2.365899,3.879,0.195917,240.618688,2.727771,249.430146,27.5,22,54,42.365079,0.498363,39.660482,320.475625,0.134075,116.412698,0.484189,0.005536
"20180815","MW1207-26","E3","1475836","0.10000","uM","1","",12.719013,20.506125,0.358043,337.141291,10.1328,189.797697,86.5,64.5,763.5,33.024948,0.532471,50.7518,30.700848,0.411853,100.180603,0.532117,0.020817
"20180815","MW1207-24","F3","1475836","0.10000","uM","1","",12.689217,18.973846,0.448578,396.8585,13.1469,104.17585,72.5,49.5,603,39.904509,0.568446,42.686966,147.138972,0.242051,105.950928,0.372901,0.012069
"20180801","MW1207-21","A4","1475812","0.30000","uM","0","Fungal contamination; ",4.312492,6.40524,0.16302,222.314608,1.928592,265.967692,62.5,52.5,74,33.3125,0.906823,23.821168,325.132857,0.262659,139.5625,0.259147,0.005243
"20180801","MW1207-22","A4","1475812","0.30000","uM","1","",9.090835,13.561875,0.343777,270.31748,4.366426,207.194028,82.5,59.5,139,46.333333,1.242032,17.086914,561.398645,0.499639,125.845238,0.26252,0.010384
"20180801","MW1207-23","A4","1475812","0.30000","uM","1","",10.241122,15.380089,0.494496,250.591422,5.786211,189.578644,67.5,47,101,32.920455,0.895101,14.549911,190.804293,0.27045,136.970779,0.163263,0.006023
"20180801","MW1207-21","B4","1475816","0.30000","uM","0","Fungal contamination; ",6.810097,8.708095,0.227791,185.5555,4.386,158.426083,47.5,33,88.5,26.644231,0.796376,17.017198,213.031878,0.197959,107.24359,0.186647,0.004262
"20180801","MW1207-22","B4","1475816","0.30000","uM","1","",5.749506,10.263231,0.329563,297.3795,3.71225,214.75085,75,58,143,37.780303,1.095442,24.808758,96.078087,0.297465,134.712121,0.282448,0.010833
"20180801","MW1207-23","B4","1475816","0.30000","uM","1","",7.503431,11.239018,0.416841,281.618027,3.948647,279.101531,63,45.5,117.5,25.134118,0.98961,16.372779,155.694515,0.380659,104.245882,0.202187,0.005589
"20180801","MW1207-21","C4","1475817","0.30000","uM","0","Fungal contamination; ",3.361767,4.926,0.169343,210.986238,1.77006,250.758821,53.5,36,61,40.051724,0.584639,32.041354,385.374702,0.106043,148.6133,0.292757,0.004729
"20180801","MW1207-22","C4","1475817","0.30000","uM","1","",4.714625,8.832,0.286552,310.513743,2.804157,390.531614,60,44,87.5,52.587302,0.950912,32.854636,269.108918,0.153063,205.630952,0.54186,0.0084
"20180801","MW1207-23","C4","1475817","0.30000","uM","1","",3.743981,5.941875,0.176679,251.752656,2.17075,253.436469,66,36.5,79.5,60.458333,1.077983,41.4713,859.552143,0.225506,218.857143,0.421131,0.005675
"20180801","MW1207-21","D4","1475818","0.30000","uM","0","Fungal contamination; ",4.116254,8.703462,0.178091,248.431768,2.289839,210.433643,46.5,35.5,51.5,40.955357,0.663389,31.532201,327.2575,0.168773,184.741071,0.330742,0.004513
"20180801","MW1207-22","D4","1475818","0.30000","uM","1","",2.564502,4.159286,0.260899,201.356,2.73225,295.55875,35.5,20.5,61,36.977833,0.549113,31.623567,335.600298,0.164787,109.413793,0.245485,0.001618
"20180801","MW1207-23","D4","1475818","0.30000","uM","1","",4.832331,8.190256,0.385766,186.315167,3.804375,258.480917,48,25.5,35.5,32.051471,0.538438,9.650998,523.455208,0.201479,80.176471,0.114879,0.000877
"20180801","MW1207-21","E4","1475820","0.30000","uM","0","Fungal contamination; ",5.222225,8.796,0.236697,353.921192,2.308077,339.208135,44.5,28.5,93,37.050439,0.869177,72.167802,836.865786,0.235979,118.348684,0.184449,0.003684
"20180801","MW1207-22","E4","1475820","0.30000","uM","1","",8.079573,16.364,0.328227,353.76625,5.399679,200.235929,61,42.5,92.5,25.880357,0.767968,22.865012,175.435539,0.309174,106.530357,0.207289,0.004375
"20180801","MW1207-23","E4","1475820","0.30000","uM","1","",7.178938,12.306875,0.284156,226.379656,3.215856,296.087978,60,47,87.5,27.3125,0.845152,10.593402,315.930519,0.298994,124.345833,0.099562,0.003426
"20180801","MW1207-21","F4","1475823","0.30000","uM","0","Fungal contamination; ",4.169245,7.511143,0.235792,227.065036,3.072286,169.062429,44,33.5,78.5,33.197115,0.823607,23.867765,307.379135,0.406606,130.504808,0.27718,0.005633
"20180801","MW1207-22","F4","1475823","0.30000","uM","1","",7.309598,10.571,0.177242,222.066846,2.583415,139.636962,60.5,42,68,30.606061,1.143626,12.601923,253.499038,0.459127,120.813131,0.202901,0.006221
"20180801","MW1207-23","F4","1475823","0.30000","uM","1","",12.217479,30.214625,0.582131,439.310455,7.586549,235.079067,69,52,81.5,43.372159,1.458675,17.154131,737.849597,0.684333,190.726799,0.28782,0.00699
"20180815","MW1207-24","A4","1475827","0.30000","uM","1","",4.816656,10.014167,0.286293,174.857,1.9923,166.69,52.5,35,52.5,50.036667,0.513823,15.108625,372.215625,0.160458,117.576667,0.202509,0.002753
"20180815","MW1207-25","B4","1475827","0.30000","uM","1","",2.587801,4.47,0.170282,226.814375,1.672938,192.513438,32.5,22,53.5,44.947368,0.463298,49.996342,303.013889,0.075164,157.210526,0.553754,0.005174
"20180815","MW1207-26","C4","1475827","0.30000","uM","1","",7.520961,14.943515,0.268372,353.917188,2.682185,268.979481,70.5,52.5,111,47.47619,0.727193,31.09466,181.969643,0.197824,161.72449,0.603111,0.011286
"20180815","MW1207-26","A4","1475829","0.30000","uM","1","",7.104935,14.96,0.697942,318.030604,5.243729,240.919198,85,58.5,544,53.501058,0.680971,53.534264,724.479128,0.228086,111.813228,0.445737,0.012142
"20180815","MW1207-24","B4","1475829","0.30000","uM","1","",3.62441,7.512321,0.174634,244.906654,1.826769,172.650538,67,44.5,91,51.375,0.71223,41.215574,178.415152,0.259294,159.397059,0.594679,0.007504
"20180815","MW1207-25","C4","1475829","0.30000","uM","1","",6.2424,8.33625,0.56493,258.344125,4.146896,275.384833,45.5,29,64.5,42.021825,0.589393,25.252529,261.564931,0.189897,116.19246,0.401943,0.005249
"20180815","MW1207-25","A4","1475830","0.30000","uM","1","",12.415628,21.126,0.317492,419.638421,9.778897,140.98229,65,47.5,334.5,37.877231,0.580975,40.250838,128.922266,0.249236,102.007628,0.538664,0.014242
"20180815","MW1207-26","B4","1475830","0.30000","uM","1","",19.513847,20.146779,0.821079,413.28531,107.61102,172.163127,71,50,89.5,52.436047,1.021286,25.851352,234.259325,0.436012,195.098837,0.465135,0.009109
"20180815","MW1207-24","C4","1475830","0.30000","uM","1","",8.039182,13.2675,0.584126,208.726818,3.51113,297.612942,53.5,38.5,112.5,41.190152,0.664713,19.837724,206.018182,0.223191,109.399242,0.25908,0.004142
"20180815","MW1207-24","D4","1475831","0.30000","uM","1","",14.731208,25.433571,0.789038,387.83925,9.748375,242.34325,40.5,35,142,41.126838,0.689946,22.151458,156.481095,0.323049,113.683824,0.489292,0.00855
"20180815","MW1207-25","E4","1475831","0.30000","uM","1","",3.539769,7.205476,0.202658,239.029236,2.234621,179.283632,47.5,37,114,50.098039,0.599069,60.835572,180.249357,0.20128,155.95098,0.728321,0.00978
"20180815","MW1207-26","F4","1475831","0.30000","uM","1","",13.300678,18.984,0.478732,360.8601,9.3554,140.987208,68,56.5,86,65,1.161817,30.97273,211.113961,0.241258,236.416667,0.55389,0.010692
"20180815","MW1207-26","D4","1475833","0.30000","uM","1","",5.116619,10.52625,0.175327,222.901655,2.183236,147.797309,66,50,128,51.59498,0.960746,31.055153,209.640909,0.324862,177.172999,0.450576,0.009966
"20180815","MW1207-24","E4","1475833","0.30000","uM","1","",6.593749,13.802571,0.445738,338.0275,4.36575,198.841125,58.5,40,105.5,45.767477,0.707776,42.603668,187.039716,0.149185,152.00228,0.519236,0.009052
"20180815","MW1207-25","F4","1475833","0.30000","uM","1","",4.991042,8.457,0.245804,194.807609,3.228423,148.582551,55.5,37,57,57.388889,0.644055,27.971835,300.715341,0.153422,239.958937,0.475678,0.007571
"20180815","MW1207-25","D4","1475836","0.30000","uM","1","",5.60515,10.751374,0.294673,273.77419,3.913679,331.73669,59.5,53,101.5,48.673077,0.797643,26.96844,191.985833,0.384391,173.277592,0.597138,0.011389
"20180815","MW1207-26","E4","1475836","0.30000","uM","1","",4.507175,8.181,0.204002,195.486761,2.239017,151.127415,57.5,42,82.5,46.688095,0.890585,23.594422,208.754746,0.295203,132.34881,0.379379,0.006465
"20180815","MW1207-24","F4","1475836","0.30000","uM","1","",8.335776,14.359333,0.450433,267.667495,3.293317,183.727274,58,43.5,65,52.454545,0.697929,29.085286,238.85625,0.199958,170.314545,0.472854,0.005869
"20180801","MW1207-21","A5","1475812","1.00000","uM","0","Fungal contamination; ",7.016109,12.373542,0.261725,188.7524,3.0108,128.045,79.5,47.5,69.5,37.511364,0.734856,14.270047,199.570833,0.22733,162.253247,0.258281,0.005035
"20180801","MW1207-22","A5","1475812","1.00000","uM","1","",12.47077,19.18725,0.410227,327.471,7.02825,396.627406,76.5,74.5,164,50.981971,1.159866,23.335177,371.373956,0.38748,167.163061,0.450286,0.013143
"20180801","MW1207-23","A5","1475812","1.00000","uM","1","",9.4792,15.680769,0.60875,296.973466,5.072253,278.830881,73.5,56,97,37.220036,0.979629,17.267953,190.308929,0.376322,159.440966,0.236815,0.00944
"20180801","MW1207-21","B5","1475816","1.00000","uM","0","Fungal contamination; ",5.021443,7.714727,0.224306,212.952322,2.422433,211.181,64.5,45,71,29.539185,0.704387,15.264414,248.813393,0.208977,91.924765,0.20274,0.00223
"20180801","MW1207-22","B5","1475816","1.00000","uM","1","",7.894904,12.5325,0.371858,311.170094,5.196205,233.792192,80,63,105.5,29.548319,1.043436,11.760047,154.330907,0.371917,105.355042,0.162478,0.005798
"20180801","MW1207-23","B5","1475816","1.00000","uM","1","",6.614829,12.089762,0.345169,272.092214,3.020357,268.711071,51.5,42.5,48,28.204545,0.778226,8.981313,405.625,0.293195,115.606061,0.086941,0.002513
"20180801","MW1207-21","C5","1475817","1.00000","uM","0","Fungal contamination; ",3.96724,5.682667,0.167747,252.101512,1.709925,264.111863,55.5,45,45.5,26.110294,0.810987,19.766551,369.397321,0.225564,101.661765,0.183997,0.002097
"20180801","MW1207-22","C5","1475817","1.00000","uM","1","",5.158259,9.371538,0.343566,255.2259,3.29395,333.2308,64.5,51.5,50.5,29.993506,0.628162,9.353498,296.738095,0.077599,89.327922,0.141734,0.003022
"20180801","MW1207-23","C5","1475817","1.00000","uM","1","",5.108586,7.161518,0.274282,300.02501,2.840688,304.134823,68,41,39,31.71875,0.730981,8.628198,428.855,0.149146,121.53125,0.103635,0.002676
"20180801","MW1207-21","D5","1475818","1.00000","uM","0","Fungal contamination; ",4.367872,6.236394,0.17672,222.998977,2.358452,231.699622,60.5,51.5,84,31.50271,1.097155,23.14371,270.235,0.290407,156.579946,0.203179,0.006732
"20180801","MW1207-22","D5","1475818","1.00000","uM","1","",5.821653,7.615625,0.246383,310.165333,3.790567,301.824283,66.5,53.5,52.5,32.247222,0.974616,17.703811,300.425,0.276285,166.908333,0.235137,0.007651
"20180801","MW1207-23","D5","1475818","1.00000","uM","1","",5.051902,7.432571,0.332176,325.524456,3.509067,370.552144,63.5,47,45.5,30.261029,0.908818,9.91919,388.870982,0.284964,136.477941,0.139197,0.003707
"20180801","MW1207-21","E5","1475820","1.00000","uM","0","Fungal contamination; ",3.180321,6.252857,0.237861,286.082393,2.494286,326.948,48,35.5,87.5,42.711538,0.857412,45.517147,1043.329825,0.237191,166.75,0.278841,0.007237
"20180801","MW1207-22","E5","1475820","1.00000","uM","1","",4.379845,7.720364,0.241174,324.978427,2.761536,309.523773,60,54,73.5,29.640523,0.965785,21.072965,273.818466,0.319301,139.820261,0.221293,0.005465
"20180801","MW1207-23","E5","1475820","1.00000","uM","1","",7.817193,15.663409,0.503715,229.756267,4.175788,218.784076,57.5,48.5,83.5,28.248869,0.73832,11.522815,219.963826,0.314124,107.13914,0.135095,0.004329
"20180801","MW1207-21","F5","1475823","1.00000","uM","0","Fungal contamination; ",3.241179,4.623143,0.192387,279.4293,2.08275,484.438367,48.5,39.5,56,40.1875,0.672396,47.729412,322.253727,0.181328,162.5,0.45765,0.006146
"20180801","MW1207-22","F5","1475823","1.00000","uM","1","",8.370827,15.660667,0.353028,294.212298,3.847821,200.07344,55.5,44.5,79,47.909091,1.254913,24.670224,215.453906,0.344282,240.727273,0.424734,0.009457
"20180801","MW1207-23","F5","1475823","1.00000","uM","1","",8.808223,15.439817,0.477756,275.245932,6.324267,201.038119,66.5,53.5,67.5,40.3,0.886437,12.334404,270.847629,0.334104,168.594444,0.204999,0.005374
"20180815","MW1207-24","A5","1475827","1.00000","uM","1","",5.489925,9.3555,0.17787,212.236929,2.555821,139.627393,59,46,118,47.852184,0.821168,32.101453,134.41087,0.360066,161.06215,0.539583,0.00862
"20180815","MW1207-25","B5","1475827","1.00000","uM","1","",2.372402,5.470714,0.14184,204.55633,1.276784,244.052705,40.5,26.5,68,38.742424,0.534566,36.537532,253.096154,0.143058,99.005051,0.424935,0.004237
"20180815","MW1207-26","C5","1475827","1.00000","uM","1","",7.535184,15.602246,0.446684,241.148633,3.744408,202.815458,73,54.5,167.5,48.396154,0.910695,22.065799,181.983708,0.27572,144.947436,0.37908,0.009883
"20180815","MW1207-26","A5","1475829","1.00000","uM","1","",14.457445,20.332714,0.381931,296.366716,9.822517,180.330053,89,64.5,441.5,45.050752,0.841413,26.756481,132.953526,0.338653,127.932441,0.377969,0.015507
"20180815","MW1207-24","B5","1475829","1.00000","uM","1","",3.668359,7.86375,0.325033,273.154789,2.492244,306.068778,61,47,73,57.965812,0.560609,42.404439,225.332532,0.103116,192.606838,0.518891,0.004871
"20180815","MW1207-25","C5","1475829","1.00000","uM","1","",3.163291,5.644125,0.172629,238.309967,2.063835,150.559319,59,37,96,45.076923,0.70219,48.208501,164.966729,0.224556,147.628205,0.566121,0.007194
"20180815","MW1207-25","A5","1475830","1.00000","uM","1","",9.124786,16.770623,0.403006,322.183922,4.313542,199.745251,66.5,53,142,42.418546,0.874827,30.030144,141.567652,0.277996,141.327068,0.560036,0.013493
"20180815","MW1207-26","B5","1475830","1.00000","uM","1","",8.543187,13.5925,0.469073,287.184,4.761125,182.453642,73,56.5,100,54.79375,1.042377,22.806333,166.689744,0.183671,162.6,0.506644,0.007326
"20180815","MW1207-24","C5","1475830","1.00000","uM","1","",5.740256,12.669273,0.7874,311.616654,6.395981,147.881115,58,46.5,104.5,42.786337,0.956813,35.032476,155.781548,0.349932,149.81686,0.522677,0.009241
"20180815","MW1207-24","D5","1475831","1.00000","uM","1","",8.573583,15.198,0.444205,276.283661,5.126643,149.390607,53,37.5,92,47.512685,0.639336,25.43073,207.583929,0.201383,149.824524,0.457328,0.006897
"20180815","MW1207-25","E5","1475831","1.00000","uM","1","",10.566195,13.9095,0.433455,278.395182,5.409294,151.586545,65,49,111.5,49.219512,0.895797,27.480688,131.128257,0.40342,213.365854,0.583994,0.015599
"20180815","MW1207-26","F5","1475831","1.00000","uM","1","",9.800715,21.831779,0.53302,244.557983,4.516538,165.246721,68.5,60.5,723.5,54.46361,0.633576,52.69733,38.283274,0.317483,106.398556,0.467798,0.017969
"20180815","MW1207-26","D5","1475833","1.00000","uM","1","",11.287793,14.657077,0.415581,419.830562,17.434538,153.391392,73.5,59,91,56.170455,1.17162,27.524676,222.41531,0.184049,235.363636,0.653964,0.010222
"20180815","MW1207-24","E5","1475833","1.00000","uM","1","",10.65728,18.457,0.493197,262.594848,4.127241,153.894339,67,45,172.5,49.128333,0.581215,21.693489,241.285606,0.203913,149.496667,0.367446,0.010463
"20180815","MW1207-25","F5","1475833","1.00000","uM","1","",5.271566,8.579286,0.214394,181.437111,2.245385,162.641803,52,39.5,90.5,42.285714,0.57136,31.632414,250.950915,0.220476,151.646104,0.449028,0.008615
"20180815","MW1207-25","D5","1475836","1.00000","uM","1","",5.745285,12.307879,0.19772,246.548227,2.260148,173.37642,45.5,36.5,78.5,47.442513,0.640928,29.298812,232.4125,0.157733,141.05615,0.52537,0.006229
"20180815","MW1207-26","E5","1475836","1.00000","uM","1","",11.598279,27.579464,0.894889,400.054469,6.68224,148.748083,76,58.5,72.5,54.481818,1.018783,17.54982,231.600862,0.407259,221.022727,0.377133,0.009871
"20180815","MW1207-24","F5","1475836","1.00000","uM","1","",6.470237,7.2,0.205604,189.538418,2.218087,190.59512,56,39.5,91,47.170455,0.62737,29.452292,247.316021,0.20122,136.034091,0.375595,0.005544
"20180801","MW1207-21","A7","1475812","10.00000","uM","0","Fungal contamination; ",4.278605,6.196286,0.148114,252.462336,1.952845,263.067291,69.5,50,86,31.768908,0.938865,29.720645,197.341608,0.273034,145.817227,0.351912,0.00562
"20180801","MW1207-22","A7","1475812","10.00000","uM","1","",8.760082,18.5575,0.328756,344.114956,3.630692,177.807569,82,64,183,44.564655,1.155264,23.075853,573.083647,0.380845,137.583812,0.348182,0.012517
"20180801","MW1207-23","A7","1475812","10.00000","uM","1","",11.319347,6.038333,0.746904,282.562143,37.641679,383.354393,47,18,65.5,29.375,0.579537,9.451365,371.637231,0.205515,83.703125,0.111893,0.0035
"20180801","MW1207-21","B7","1475816","10.00000","uM","0","Fungal contamination; ",2.411005,4.379286,0.132928,208.1855,1.758821,256.241714,38,36,98,28.928571,0.634719,51.513699,176.332364,0.236797,106.392857,0.263601,0.004238
"20180801","MW1207-22","B7","1475816","10.00000","uM","1","",3.727724,4.978615,0.326717,324.554958,3.276742,428.88745,65,56.5,109.5,31.78125,0.903,64.489254,171.675646,0.266863,163.041667,0.489701,0.007723
"20180801","MW1207-23","B7","1475816","10.00000","uM","1","",9.50588,15.8675,0.403028,285.727646,3.85826,272.091109,55,47.5,120.5,29.75188,0.612498,20.876695,185.788049,0.14323,95.530075,0.192971,0.004973
"20180801","MW1207-21","C7","1475817","10.00000","uM","0","Fungal contamination; ",4.80842,6.461333,0.230749,279.684976,2.633131,353.130964,47,40.5,43,34.625,0.975789,16.594285,353.119444,0.261534,174.875,0.241548,0.005632
"20180801","MW1207-22","C7","1475817","10.00000","uM","1","",7.378886,15.013125,0.403885,285.400677,4.305052,332.536812,70,50,35,35.1,0.951744,7.372118,547.777679,0.297298,169.1,0.142948,0.004394
"20180801","MW1207-23","C7","1475817","10.00000","uM","1","",8.852014,17.771299,0.484465,279.368457,5.068442,203.802851,52.5,41.5,39,31.727273,1.041269,10.773104,354.043125,0.413237,129.89899,0.270321,0.004295
"20180801","MW1207-21","D7","1475818","10.00000","uM","0","Fungal contamination; ",3.660098,4.768846,0.153775,237.998625,2.597125,217.90825,55.5,45.5,70.5,31.862847,1.115029,25.043573,315.59375,0.458542,144.9375,0.270216,0.00972
"20180801","MW1207-22","D7","1475818","10.00000","uM","1","",4.147794,7.224375,0.199719,191.369587,2.486667,205.968123,60,43.5,44,32.71875,0.977118,13.361632,333.712857,0.337677,131.25,0.187837,0.003449
"20180801","MW1207-23","D7","1475818","10.00000","uM","1","",4.541876,8.3145,0.300862,206.20625,2.458536,80.408107,46.5,26,43.5,35.627193,0.573248,21.140321,438.870833,0.0856,149.530702,0.182843,0.002392
"20180801","MW1207-21","E7","1475820","10.00000","uM","0","Fungal contamination; ",6.119221,7.158333,0.325295,226.452661,2.777902,341.363402,49.5,43,67.5,34.671429,0.763913,21.054254,401.044853,0.261696,162.461905,0.268053,0.005746
"20180801","MW1207-22","E7","1475820","10.00000","uM","1","",4.06521,6.764769,0.236799,264.598635,2.955853,327.886675,71,47.5,117.5,31.188961,0.758372,27.758967,180.280342,0.308611,121.114935,0.26071,0.007898
"20180801","MW1207-23","E7","1475820","10.00000","uM","1","",2.716241,4.122,0.136322,166.3405,1.7386,282.6998,49,35,86.5,31.147436,0.555077,39.831121,208.317798,0.163365,112.333333,0.25611,0.005148
"20180801","MW1207-21","F7","1475823","10.00000","uM","0","Fungal contamination; ",5.994372,7.356429,0.337336,263.087286,3.503345,316.667405,58,44.5,73.5,55.888889,1.144345,33.303036,742.631944,0.231017,197.833333,0.428006,0.011306
"20180801","MW1207-22","F7","1475823","10.00000","uM","1","",8.317401,6.609808,0.229868,325.425042,2.749692,394.452975,75,56.5,90,33.738889,0.903944,19.253864,159.507353,0.215828,132.177778,0.26532,0.006068
"20180801","MW1207-23","F7","1475823","10.00000","uM","1","",5.28901,6.627078,0.322298,272.85544,4.59706,303.588631,56.5,38,67.5,35.877778,0.832522,20.194074,299.378448,0.319462,176.016667,0.294338,0.00772
"20180815","MW1207-24","A7","1475827","10.00000","uM","1","",8.345728,18.15375,0.457991,224.942667,3.203222,166.839711,55,47,383.5,44.373431,0.552251,38.728763,221.910528,0.176324,125.410042,0.320897,0.008723
"20180815","MW1207-25","B7","1475827","10.00000","uM","1","",4.106998,5.963846,0.209844,236.40525,2.503,189.554875,38,28,78,35.336336,0.500138,29.372398,212.530208,0.253375,82.944444,0.372786,0.004105
"20180815","MW1207-26","C7","1475827","10.00000","uM","1","",14.136328,29.7625,0.416182,326.609921,5.347758,183.363994,82.5,71.5,158.5,64.665344,1.358098,17.386767,165.847861,0.389725,193.94709,0.403544,0.013743
"20180815","MW1207-26","A7","1475829","10.00000","uM","1","",9.680531,18.375268,0.341178,264.016447,3.096599,163.227341,78,60.5,288.5,42.73563,0.605823,23.220364,171.898867,0.266398,121.66082,0.338713,0.010912
"20180815","MW1207-24","B7","1475829","10.00000","uM","1","",2.857383,6.336923,0.270824,207.715284,1.738534,191.812636,39,26.5,65.5,40.886161,0.47057,23.331852,357.028629,0.093698,86.671875,0.315801,0.00287
"20180815","MW1207-25","C7","1475829","10.00000","uM","1","",8.297321,14.374,0.333167,255.207323,3.465838,285.640531,77,57,575,34.322418,0.440156,53.473439,68.087446,0.266243,97.572088,0.60576,0.019559
"20180815","MW1207-25","A7","1475830","10.00000","uM","1","",9.644778,18.787768,0.367457,260.158127,3.585618,222.995078,70.5,62.5,518.5,52.665242,0.597537,56.388499,182.522923,0.199846,211.594017,0.69398,0.026694
"20180815","MW1207-26","B7","1475830","10.00000","uM","1","",3.092523,6.335208,0.248241,204.807883,2.01285,216.245033,50.5,40,105,53.376667,0.531816,44.449387,208.640724,0.127715,135.11,0.471768,0.006377
"20180815","MW1207-24","C7","1475830","10.00000","uM","1","",10.559514,21.056458,0.366297,307.62361,3.964928,111.663264,84.5,61,174,48.911499,0.84018,27.191048,138.174412,0.27548,174.662145,0.376373,0.012964
"20180815","MW1207-24","D7","1475831","10.00000","uM","1","",6.250525,11.058,0.530582,413.269665,4.642994,531.1485,60,48,89,50.119048,0.726612,62.776301,193.957912,0.285421,203.744048,0.746671,0.014019
"20180815","MW1207-25","E7","1475831","10.00000","uM","1","",8.969814,13.674923,0.249642,316.920642,2.790625,220.337733,65.5,54.5,129,44.875,0.754422,26.159549,149.391738,0.284097,143.518849,0.525287,0.011856
"20180815","MW1207-26","F7","1475831","10.00000","uM","1","",13.17049,20.249538,0.343189,316.0208,6.850692,162.976658,70,58.5,201,62.641379,1.251466,35.851154,568.615455,0.445175,209.017241,0.677424,0.021248
"20180815","MW1207-26","D7","1475833","10.00000","uM","1","",7.704386,12.122769,0.236275,209.197308,2.050038,98.177615,57,32,99.5,43.862126,0.64619,27.535203,188.279258,0.1769,118.23588,0.308744,0.004431
"20180815","MW1207-24","E7","1475833","10.00000","uM","1","",7.294384,13.326,0.225426,216.98135,2.320863,162.816488,60.5,45,207,43.699187,0.602013,26.591769,272.438986,0.285319,126.096206,0.375979,0.006209
"20180815","MW1207-25","F7","1475833","10.00000","uM","1","",5.916051,9.651333,0.319019,254.705937,3.030988,258.328588,55.5,46.5,108,48.913462,0.596357,35.847689,201.040241,0.161426,160.439103,0.703987,0.010017
"20180815","MW1207-25","D7","1475836","10.00000","uM","1","",8.944978,18.335,0.523385,349.085083,7.204,220.454583,44.5,30.5,67.5,44.616667,0.555734,32.358997,287.243642,0.18088,108.811111,0.361368,0.003941
"20180815","MW1207-26","E7","1475836","10.00000","uM","1","",12.9169,15.487768,0.459308,314.786323,29.414615,119.290656,71.5,58,200,41.562929,0.634927,32.250726,110.128651,0.241812,121.162929,0.383224,0.009632
"20180815","MW1207-24","F7","1475836","10.00000","uM","1","",6.657446,11.860714,0.990453,255.320518,5.816589,321.855696,65.5,40,87.5,40.175,0.630162,24.998142,288.542532,0.20655,120.695833,0.32442,0.006226
"20180801","MW1207-21","A6","1475812","3.00000","uM","0","Fungal contamination; ",6.720184,10.190571,0.311239,244.9979,2.693725,269.811117,68,56.5,63.5,45,0.790403,20.380995,320.225893,0.208268,208.642241,0.36546,0.007327
"20180801","MW1207-22","A6","1475812","3.00000","uM","1","",7.269093,10.182351,0.355023,230.83752,5.51396,294.052469,77,55.5,111,50.794837,1.147971,22.09142,169.096667,0.311148,171.686141,0.345631,0.010334
"20180801","MW1207-23","A6","1475812","3.00000","uM","1","",6.051793,7.1375,0.127109,246.380107,1.658179,145.884786,48.5,41,123,46.949686,0.935538,37.69489,705.142033,0.427269,140.022013,0.570514,0.011346
"20180801","MW1207-21","B6","1475816","3.00000","uM","0","Fungal contamination; ",4.551308,7.2495,0.213635,402.744469,3.201219,344.661719,61.5,48,112.5,45.598039,1.210732,50.395095,813.570091,0.346526,231.252451,0.50732,0.014187
"20180801","MW1207-22","B6","1475816","3.00000","uM","1","",4.794216,8.532857,0.247338,328.513984,2.322913,282.703401,70.5,53.5,132.5,30.945455,0.755447,45.076997,132.52288,0.217421,147.238636,0.359777,0.008127
"20180801","MW1207-23","B6","1475816","3.00000","uM","1","",6.087124,10.333091,0.258814,155.874527,3.034688,170.827545,62.5,41,97.5,27.175,0.643853,12.881884,206.050568,0.162096,80.833333,0.08627,0.001837
"20180801","MW1207-21","C6","1475817","3.00000","uM","0","Fungal contamination; ",5.238434,7.928,0.254431,305.071857,3.265982,326.269786,53.5,45.5,100.5,36.946864,1.084338,26.754362,667.377981,0.426109,141.057491,0.289044,0.006409
"20180801","MW1207-22","C6","1475817","3.00000","uM","1","",11.569982,16.314261,0.339743,291.200014,4.70105,238.49255,83.5,65.5,133.5,38.443548,1.475375,10.143847,105.027857,0.529805,127.409946,0.146424,0.006914
"20180801","MW1207-23","C6","1475817","3.00000","uM","1","",3.109133,6.972885,0.325221,315.470214,2.323929,289.4595,45.5,19.5,20,23.05,0.502708,6.809,2112.475,0.053113,71.75,0.046764,0.000799
"20180801","MW1207-21","D6","1475818","3.00000","uM","0","Fungal contamination; ",7.648936,8.841429,0.17672,218.780031,2.39825,180.290813,61,49,81,26.889706,1.364076,11.716575,216.438636,0.478067,96.522059,0.24692,0.006969
"20180801","MW1207-22","D6","1475818","3.00000","uM","1","",3.833652,8.004107,0.219311,341.743174,2.717076,366.662192,75,65,81,24.545977,1.308772,21.645089,189.3875,0.400954,110.62069,0.257929,0.006893
"20180801","MW1207-23","D6","1475818","3.00000","uM","1","",3.363902,3.395833,0.258366,194.938591,2.573091,151.927,44.5,19,43.5,24.416667,0.662495,26.442469,479.475,0.207038,112.811404,0.168645,0.002211
"20180801","MW1207-21","E6","1475820","3.00000","uM","0","Fungal contamination; ",2.884667,3.609375,0.193613,197.87375,4.2559,241.680575,49,32.5,78,28.869792,0.688285,26.02536,223.341202,0.206605,109.546875,0.249967,0.002876
"20180801","MW1207-22","E6","1475820","3.00000","uM","1","",4.454083,7.8975,0.230825,336.062094,2.959406,435.807375,61,53,124,42.495006,1.129096,32.445224,148.136178,0.479791,149.390122,0.474073,0.012817
"20180801","MW1207-23","E6","1475820","3.00000","uM","1","",4.011656,7.9825,0.198196,258.585303,2.185591,188.778263,51.5,39,85,24.72967,0.711531,21.746904,198.688235,0.217067,86.435165,0.249175,0.001902
"20180801","MW1207-21","F6","1475823","3.00000","uM","0","Fungal contamination; ",4.983256,7.144154,0.129997,231.2044,1.6611,208.09815,63,47.5,83.5,38.969457,0.811351,34.367062,215.521591,0.347225,179.116516,0.576673,0.010668
"20180801","MW1207-22","F6","1475823","3.00000","uM","1","",9.920962,14.835433,0.27644,309.941927,3.581542,224.065156,90,76,136,53.800595,1.460078,17.913113,415.925,0.509483,192.668155,0.297956,0.014998
"20180801","MW1207-23","F6","1475823","3.00000","uM","1","",6.299298,9.700714,0.312132,184.6755,4.698083,112.064,48,33,53,43.414773,0.653055,16.415462,316.571429,0.115309,189.909091,0.249641,0.004602
"20180815","MW1207-24","A6","1475827","3.00000","uM","1","",7.391293,15.223125,0.410193,181.443656,3.995156,125.757625,59.5,36.5,110.5,49.835253,0.504448,15.865353,307.399658,0.133519,116.831797,0.270055,0.00512
"20180815","MW1207-25","B6","1475827","3.00000","uM","1","",7.770325,14.399693,0.474121,264.303982,4.259911,161.846098,61.5,45.5,122.5,49.711538,0.584531,22.632923,231.28342,0.229635,143.192308,0.392781,0.0074
"20180815","MW1207-26","C6","1475827","3.00000","uM","1","",7.21909,15.108857,0.425232,247.30297,3.412298,239.39081,71.5,59,119,55.084203,0.878101,25.696636,218.01125,0.227205,182.57228,0.408619,0.008003
"20180815","MW1207-26","A6","1475829","3.00000","uM","1","",13.19317,22.924583,0.410649,400.302781,37.458875,92.844208,79.5,67.5,377,39.307111,0.61947,34.381108,64.262726,0.32078,120.826008,0.489971,0.016721
"20180815","MW1207-24","B6","1475829","3.00000","uM","1","",6.027461,12.222,0.304087,350.082429,2.854714,168.363321,54,40.5,94,45.445591,0.539642,35.48503,203.938958,0.167901,145.381801,0.572001,0.009963
"20180815","MW1207-25","C6","1475829","3.00000","uM","1","",7.150401,14.397381,0.323364,266.653694,3.181694,340.248611,49.5,42.5,124,40.344262,0.997897,26.845213,183.806667,0.358895,157.001261,0.491145,0.013512
"20180815","MW1207-25","A6","1475830","3.00000","uM","1","",9.76545,17.088,0.388994,313.376874,4.58705,141.169852,81,63.5,520,63.594863,1.227117,54.886163,424.836869,0.371328,185.80937,0.728164,0.027585
"20180815","MW1207-26","B6","1475830","3.00000","uM","1","",13.711915,28.012857,0.460724,335.346888,6.064006,122.034312,87.5,59.5,384,53.654658,1.15136,31.167294,661.96892,0.420927,157.528882,0.435827,0.015255
"20180815","MW1207-24","C6","1475830","3.00000","uM","1","",2.875996,6.984276,0.271036,310.600283,2.124687,282.835561,61,43,87.5,49.357143,0.696343,57.455855,196.386199,0.168669,166.471429,0.658023,0.007957
"20180815","MW1207-24","D6","1475831","3.00000","uM","1","",8.219396,18.512679,0.220194,244.908571,3.241821,104.602143,67,56,464,35.145994,0.683893,41.025568,57.013325,0.349423,97.725924,0.520205,0.01646
"20180815","MW1207-25","E6","1475831","3.00000","uM","1","",8.251984,20.938364,0.460666,322.701922,3.8839,208.459656,52,47,76.5,46.589744,0.735342,40.144894,199.698429,0.142747,183.153846,0.718249,0.009774
"20180815","MW1207-26","F6","1475831","3.00000","uM","1","",14.509995,35.167231,0.762504,442.007064,6.808005,138.227879,72,66,240,55.520833,1.053838,35.316172,559.670489,0.388068,154.722222,0.640465,0.017579
"20180815","MW1207-26","D6","1475833","3.00000","uM","1","",8.72851,15.699375,0.533846,368.305226,5.435421,343.853796,85,67.5,310.5,62.389464,1.063489,36.866402,419.388793,0.419724,170.59125,0.605191,0.016798
"20180815","MW1207-24","E6","1475833","3.00000","uM","1","",4.936496,7.40642,0.196367,207.682125,2.93625,146.00925,63.5,38,87,53.378788,0.801405,27.230906,189.359487,0.252641,168.833333,0.383874,0.006693
"20180815","MW1207-25","F6","1475833","3.00000","uM","1","",5.945229,8.907429,0.576809,205.464044,4.13372,241.463522,56,41,130,41.921429,0.511931,28.097904,244.344203,0.174711,115.321429,0.411503,0.007768
"20180815","MW1207-25","D6","1475836","3.00000","uM","1","",4.778457,8.227,0.196157,217.416464,2.422782,187.476079,58.5,43.5,365,41.761212,0.509529,43.951573,221.433594,0.274606,138.569697,0.474908,0.010435
"20180815","MW1207-26","E6","1475836","3.00000","uM","1","",4.687493,7.4745,0.178496,203.92805,2.134217,174.90275,48.5,40,104.5,47.990385,0.648215,30.440249,199.90656,0.193864,140.252404,0.521075,0.007319
"20180815","MW1207-24","F6","1475836","3.00000","uM","1","",9.870918,15.499375,0.210054,207.495125,2.409885,142.804417,82.5,61.5,349.5,40.812176,0.62165,33.033754,95.015659,0.23956,119.196351,0.429227,0.011155
"20180801","MW1207-21","A8","1475812","30.00000","uM","0","Fungal contamination; ",12.192957,11.199692,0.462808,335.167182,52.732864,185.233864,57,33,38.5,43.619318,0.844025,11.074117,425.183214,0.180839,149.3125,0.189493,0.001775
"20180801","MW1207-22","A8","1475812","30.00000","uM","1","",6.664107,9.662,0.22867,208.0778,2.270491,191.766945,72.5,50,55.5,25.919192,0.900884,7.010961,310.709821,0.213123,89.393939,0.122556,0.003284
"20180801","MW1207-23","A8","1475812","30.00000","uM","1","",7.147723,12.636905,0.258004,254.132962,3.980115,163.4315,45.5,34.5,44,23.142857,0.798155,8.236875,460.78875,0.187589,118.642857,0.150507,0.001776
"20180801","MW1207-21","B8","1475816","30.00000","uM","0","Fungal contamination; ",12.497614,13.518923,0.366115,316.908183,26.969658,246.32785,63,58.5,78,39.840909,0.893405,19.640535,181.136134,0.283467,164.424242,0.289149,0.007108
"20180801","MW1207-22","B8","1475816","30.00000","uM","1","",6.083342,8.466607,0.24058,268.617323,2.7976,307.211008,73.5,57,68.5,43.758621,0.949739,30.849848,278.922123,0.255476,236.344828,0.423809,0.01091
"20180801","MW1207-23","B8","1475816","30.00000","uM","1","",3.888769,5.018,0.183727,187.179375,1.974,267.358625,39.5,30.5,65,35.2875,0.5556,26.725536,303.807759,0.147359,119.8625,0.31924,0.004165
"20180801","MW1207-21","C8","1475817","30.00000","uM","0","Fungal contamination; ",6.933672,8.529455,0.218119,209.228587,2.635637,196.075787,56,45,66,25.5625,0.733096,12.477865,235.391502,0.246911,114.229167,0.150448,0.003653
"20180801","MW1207-22","C8","1475817","30.00000","uM","1","",8.379608,10.808125,0.401672,346.213,7.324857,307.200702,55,42.5,51.5,26.544643,0.674743,25.133375,352.430536,0.21163,99.339286,0.182002,0.001317
"20180801","MW1207-23","C8","1475817","30.00000","uM","1","",2.370671,5.184,0.272381,311.195346,2.0545,410.692231,43,34,48,22.598485,0.495486,18.36094,375.35,0.138966,67.734848,0.159183,0.002372
"20180801","MW1207-21","D8","1475818","30.00000","uM","0","Fungal contamination; ",6.940177,12.512,0.562332,279.945917,4.873125,185.774333,43,30,50,24.58,0.960892,13.81544,492.8,0.194042,105.66,0.245862,0.00445
"20180801","MW1207-22","D8","1475818","30.00000","uM","1","",3.198867,6.021429,0.210025,186.233615,1.822615,235.928923,38.5,32,38,23,0.586029,10.854945,600.6,0.102698,88.454545,0.138545,0.001157
"20180801","MW1207-23","D8","1475818","30.00000","uM","1","",5.689133,7.24225,0.183624,157.478,1.997821,237.124714,48.5,38.5,54.5,25,0.593534,9.576637,728.241406,0.267374,86.477273,0.102318,0.002403
"20180801","MW1207-21","E8","1475820","30.00000","uM","0","Fungal contamination; ",2.716301,6.121923,0.224376,175.48765,1.69215,137.92325,34.5,20,47,35.891304,0.423649,14.335735,437.453409,0.106031,76.108696,0.1916,0.001639
"20180801","MW1207-22","E8","1475820","30.00000","uM","1","",5.768093,6.543333,0.212852,250.381638,3.120175,255.638212,53,47.5,64,64.410714,0.88961,24.150788,316.994444,0.158163,194.955357,0.488981,0.005573
"20180801","MW1207-23","E8","1475820","30.00000","uM","1","",3.431472,4.573442,0.164429,191.186036,1.472357,252.173321,52.5,41,49,43.53125,0.683802,25.706133,300.793333,0.171292,162.09375,0.344125,0.002427
"20180801","MW1207-21","F8","1475823","30.00000","uM","0","Fungal contamination; ",6.979049,9.268702,0.391202,257.608177,4.193917,281.436375,66.5,47.5,75,45.351351,0.961757,14.053598,403.027083,0.399864,136.957529,0.155745,0.005255
"20180801","MW1207-22","F8","1475823","30.00000","uM","1","",3.257308,8.497788,0.163276,235.445549,2.114194,245.338049,60.5,49,57,25.714976,0.891941,14.846244,281.524148,0.283863,105.154589,0.214009,0.004528
"20180801","MW1207-23","F8","1475823","30.00000","uM","1","",9.0108,9.996,0.287384,235.318179,35.788464,110.205357,55.5,36,42,29.333333,0.603437,11.28002,441.623529,0.175043,125.25,0.130612,0.002601
"20180815","MW1207-24","A8","1475827","30.00000","uM","1","",4.744829,9.7995,0.425547,269.477282,2.984436,198.027808,57.5,38.5,69,46.577061,0.626492,29.598308,281.230625,0.214612,116.83871,0.413835,0.003852
"20180815","MW1207-25","B8","1475827","30.00000","uM","1","",7.389112,10.247692,0.166171,218.449062,1.980938,155.172625,45.5,38,86.5,43.992944,0.647529,30.965119,173.165833,0.187137,167.980847,0.618911,0.009986
"20180815","MW1207-26","C8","1475827","30.00000","uM","1","",4.32562,6.825893,0.142453,213.814016,1.601527,215.165379,49.5,37,73.5,48.91954,0.680775,35.265344,232.616477,0.131977,146.682471,0.505529,0.005266
"20180815","MW1207-26","A8","1475829","30.00000","uM","1","",10.433732,19.783125,0.42387,313.557993,6.222279,194.177529,86,63.5,566,62.3379,0.744298,45.067056,333.784425,0.349504,132.615128,0.478454,0.019446
"20180815","MW1207-24","B8","1475829","30.00000","uM","1","",9.458112,16.284375,0.613359,230.650268,5.918603,138.379647,62,43.5,393.5,39.494784,0.592966,25.770336,195.764969,0.231294,99.39661,0.338973,0.009267
"20180815","MW1207-25","C8","1475829","30.00000","uM","1","",2.685872,5.650714,0.104181,275.493536,1.39425,207.952405,43,40.5,87,46.203947,0.662286,58.09868,204.987776,0.190255,158.162281,0.82551,0.00931
"20180815","MW1207-25","A8","1475830","30.00000","uM","1","",8.315096,18.497143,0.337857,263.831937,2.610917,222.374179,50.5,45.5,219.5,40.667259,0.576152,27.229157,195.489173,0.268736,89.980469,0.449499,0.009115
"20180815","MW1207-26","B8","1475830","30.00000","uM","1","",6.572818,12.146625,0.32383,283.574207,3.306899,264.916327,64,43.5,240.5,39.273047,0.710397,33.809147,205.786968,0.286906,127.022087,0.458311,0.013932
"20180815","MW1207-24","C8","1475830","30.00000","uM","1","",6.301554,10.9125,0.371187,264.452375,3.467792,258.005708,52,35,92,46.117647,0.658488,19.555255,173.217969,0.191391,125.5,0.312939,0.004601
"20180815","MW1207-24","D8","1475831","30.00000","uM","1","",8.234117,26.613846,0.321848,369.2425,2.898056,158.279847,50.5,44.5,130.5,44.724817,0.846325,44.656881,130.881985,0.208693,191.020604,0.931847,0.01821
"20180815","MW1207-25","E8","1475831","30.00000","uM","1","",4.866742,12.531333,0.297229,310.113762,2.894452,233.554714,45.5,39,81,38.578431,0.584305,38.527899,226.436364,0.177234,157.654412,0.688147,0.007968
"20180815","MW1207-26","F8","1475831","30.00000","uM","1","",5.276625,12.553417,0.214831,371.389,1.875913,215.386413,56.5,51.5,111,63.608696,0.96619,59.346283,169.331667,0.209404,244.058424,1.036894,0.015
"20180815","MW1207-26","D8","1475833","30.00000","uM","1","",13.486396,20.986731,0.578309,240.534271,5.741969,222.21524,69.5,56,730.5,47.221861,0.706849,41.627177,147.22457,0.21543,157.194805,0.494029,0.026367
"20180815","MW1207-24","E8","1475833","30.00000","uM","1","",3.179896,4.874464,0.193897,244.726333,3.523542,169.337458,45.5,25.5,78,45.427083,0.524393,31.454822,232.704839,0.146725,113.208333,0.319973,0.003817
"20180815","MW1207-25","F8","1475833","30.00000","uM","1","",7.336021,11.064,0.223529,224.528083,1.969292,133.7895,39.5,25.5,59.5,44.272727,0.45935,19.882996,663.722135,0.13601,106.465909,0.323378,0.006229
"20180815","MW1207-25","D8","1475836","30.00000","uM","1","",5.471647,16.269643,0.341493,270.712857,2.446357,224.061232,39.5,37.5,243,36.057823,0.463267,35.522519,237.553724,0.174364,88.187075,0.400565,0.007128
"20180815","MW1207-26","E8","1475836","30.00000","uM","1","",5.62519,10.773,0.406427,282.360056,3.554683,250.084885,57.5,48,97,52.611807,0.888348,31.262443,208.969345,0.258225,144.155635,0.554536,0.008914
"20180815","MW1207-24","F8","1475836","30.00000","uM","1","",8.662959,13.975714,0.419832,209.5852,3.810662,208.098388,70.5,44.5,141,47.18917,0.660431,17.468968,249.792788,0.324613,136.568214,0.267463,0.005677
