"date","Plate.SN","DIV","well","trt","dose","units","meanfiringrate","burst.per.min","mean.isis","per.spikes.in.burst","mean.dur","mean.IBIs","nAE","nABE","ns.n","ns.peak.m","ns.durn.m","ns.percent.of.spikes.in.ns","ns.mean.insis","ns.durn.sd","ns.mean.spikes.in.ns","r","cv.time","cv.network","file.name"
"20140730","MW1007-104","5","B3","Glyphosate","0.3","uM",0.177262204746532,0,NA,0,NA,NA,3,0,0,NA,NA,0,NA,NA,NA,0.00244243236785905,1.55677652270872,1.30495007917228,"ON_20140730_MW1007-104_05_00_001.h5"
"20140730","MW1007-104","5","B4","Glyphosate","1","uM",0.860275637410515,0.03,NA,0,NA,NA,2,0,0,NA,NA,0,NA,NA,NA,-0.00329945893157077,0.391320581380192,0.678720773335119,"ON_20140730_MW1007-104_05_00_001.h5"
"20140730","MW1007-104","5","B5","Glyphosate","3","uM",0.239857920797652,0.03,NA,0,NA,NA,2,0,0,NA,NA,0,NA,NA,NA,-0.00234620586417317,1.69173915745116,1.4456462124155,"ON_20140730_MW1007-104_05_00_001.h5"
"20140730","MW1007-104","5","B7","Glyphosate","30","uM",0.166183316949874,0,NA,0,NA,NA,1,0,0,NA,NA,0,NA,NA,NA,0,0.21483446221183,0.483035878123616,"ON_20140730_MW1007-104_05_00_001.h5"
"20140730","MW1007-104","5","C1","Sodium Orthovanadate","0","uM",0.273648528577459,0,NA,0,NA,NA,2,0,0,NA,NA,0,NA,NA,NA,0.00149570084792357,0.678464220792691,1.20378831149506,"ON_20140730_MW1007-104_05_00_001.h5"
"20140730","MW1007-104","5","C3","Sodium Orthovanadate","0.03","uM",0.151780762814218,0.03,NA,0,NA,NA,2,0,0,NA,NA,0,NA,NA,NA,-0.0013291807986082,1.12184656289103,1.23533205179834,"ON_20140730_MW1007-104_05_00_001.h5"
"20140730","MW1007-104","5","C4","Sodium Orthovanadate","0.1","uM",1.65540741457668,0.3,0.137525925925927,3.746,1.061,43.858,5,1,0,NA,NA,0,NA,NA,NA,0.000297146367719923,1.26797251917739,2.2230676423541,"ON_20140730_MW1007-104_05_00_001.h5"
"20140730","MW1007-104","5","C5","Sodium Orthovanadate","0.3","uM",0.282511638814786,0,NA,0,NA,NA,1,0,0,NA,NA,0,NA,NA,NA,0,1.88798927802253,1.45381903971703,"ON_20140730_MW1007-104_05_00_001.h5"
"20140730","MW1007-104","5","C6","Sodium Orthovanadate","1","uM",0.210498868136507,0,NA,0,NA,NA,1,0,0,NA,NA,0,NA,NA,NA,0,1.93858089410306,1.50484848159153,"ON_20140730_MW1007-104_05_00_001.h5"
"20140730","MW1007-104","5","C7","Sodium Orthovanadate","3","uM",1.75711160455,1.14,0.250647179487179,5.99,1.15,48.459,1,1,0,NA,NA,0,NA,NA,NA,0,0.586226504901348,1.28287974171911,"ON_20140730_MW1007-104_05_00_001.h5"
"20140730","MW1007-104","5","C8","Sodium Orthovanadate","10","uM",0.197204202780517,1.2,0.0725849462365583,62.36,0.375,48.96,1,1,0,NA,NA,0,NA,NA,NA,0,0.460063297770878,0.640811528545248,"ON_20140730_MW1007-104_05_00_001.h5"
"20140730","MW1007-104","5","D2","Bisindolymaleimide 1","0.03","uM",0.161751761831211,0,NA,0,NA,NA,2,0,0,NA,NA,0,NA,NA,NA,-0.00147700180387293,2.22948959139932,1.24472022265493,"ON_20140730_MW1007-104_05_00_001.h5"
"20140730","MW1007-104","5","D3","Bisindolymaleimide 1","0.1","uM",0.335967272433662,0.09,NA,0,NA,NA,4,0,0,NA,NA,0,NA,NA,NA,-0.00231452051098651,0.941033721982865,1.7968603718373,"ON_20140730_MW1007-104_05_00_001.h5"
"20140730","MW1007-104","5","D4","Bisindolymaleimide 1","0.3","uM",0.13811680119834,0,NA,0,NA,NA,3,0,0,NA,NA,0,NA,NA,NA,0.00117066916026898,1.05835072462539,0.866437082924752,"ON_20140730_MW1007-104_05_00_001.h5"
"20140730","MW1007-104","5","D8","Bisindolymaleimide 1","0","uM",0.428014365210898,0.04,NA,0,NA,NA,3,0,0,NA,NA,0,NA,NA,NA,0.000372556714337517,0.728091244963341,1.14648139047553,"ON_20140730_MW1007-104_05_00_001.h5"
"20140730","MW1007-104","5","E1","Glyphosate","0","uM",1.04473911922487,0,NA,0,NA,NA,1,0,0,NA,NA,0,NA,NA,NA,0,1.75826655264861,2.05035254725503,"ON_20140730_MW1007-104_05_00_001.h5"
"20140730","MW1007-104","5","E3","Glyphosate","0.3","uM",0.425429291391678,0,NA,0,NA,NA,2,0,0,NA,NA,0,NA,NA,NA,0.00259227871545889,1.3465171277034,1.17224909823587,"ON_20140730_MW1007-104_05_00_001.h5"
"20140730","MW1007-104","5","E4","Glyphosate","1","uM",0.340121855357409,0.18,0.228789433962264,6.015,1.102,61.258,5,1,0,NA,NA,0,NA,NA,NA,-0.000889983908791917,1.14232962734717,1.53539505514924,"ON_20140730_MW1007-104_05_00_001.h5"
"20140730","MW1007-104","5","E8","Glyphosate","100","uM",0.163967539390542,0,NA,0,NA,NA,1,0,0,NA,NA,0,NA,NA,NA,0,1.58260433431752,1.27091969035846,"ON_20140730_MW1007-104_05_00_001.h5"
"20140730","MW1007-104","5","F2","Sodium Orthovanadate","0.01","uM",0.426537180171343,0,NA,0,NA,NA,2,0,0,NA,NA,0,NA,NA,NA,0.00531467765806649,1.52549702927538,1.29734229918956,"ON_20140730_MW1007-104_05_00_001.h5"
"20140730","MW1007-104","5","F3","Sodium Orthovanadate","0.03","uM",0.280849805645287,0,NA,0,NA,NA,2,0,0,NA,NA,0,NA,NA,NA,-0.00257096698976649,2.00395126635854,1.59313051794339,"ON_20140730_MW1007-104_05_00_001.h5"
"20140730","MW1007-104","5","F4","Sodium Orthovanadate","0.1","uM",0.369296259888609,0,NA,0,NA,NA,3,0,0,NA,NA,0,NA,NA,NA,-0.000984527794153121,0.731313570550605,1.29023995431798,"ON_20140730_MW1007-104_05_00_001.h5"
"20140730","MW1007-104","5","F5","Sodium Orthovanadate","0.3","uM",2.83508738716485,13.14,0.246430966022651,66.393,1.868,2.671,1,1,0,NA,NA,0,NA,NA,NA,0,2.12572266209075,1.31837275873935,"ON_20140730_MW1007-104_05_00_001.h5"
"20140730","MW1007-104","05","A1","Bisindolymaleimide 1","0","uM",0,0,NA,0,NA,NA,0,0,0,NA,NA,0,NA,NA,NA,0,0,0,"ON_20140730_MW1007-104_05_00_001.h5"
"20140730","MW1007-104","05","A2","Bisindolymaleimide 1","0.03","uM",0,0,NA,0,NA,NA,0,0,0,NA,NA,0,NA,NA,NA,0,0,0,"ON_20140730_MW1007-104_05_00_001.h5"
"20140730","MW1007-104","05","A3","Bisindolymaleimide 1","0.1","uM",0,0,NA,0,NA,NA,0,0,0,NA,NA,0,NA,NA,NA,0,0,0,"ON_20140730_MW1007-104_05_00_001.h5"
"20140730","MW1007-104","05","A4","Bisindolymaleimide 1","0.3","uM",0,0,NA,0,NA,NA,0,0,0,NA,NA,0,NA,NA,NA,0,0,0,"ON_20140730_MW1007-104_05_00_001.h5"
"20140730","MW1007-104","05","A5","Bisindolymaleimide 1","1","uM",0,0,NA,0,NA,NA,0,0,0,NA,NA,0,NA,NA,NA,0,0,0,"ON_20140730_MW1007-104_05_00_001.h5"
"20140730","MW1007-104","05","A6","Bisindolymaleimide 1","3","uM",0,0,NA,0,NA,NA,0,0,0,NA,NA,0,NA,NA,NA,0,0,0,"ON_20140730_MW1007-104_05_00_001.h5"
"20140730","MW1007-104","05","A7","Bisindolymaleimide 1","10","uM",0,0,NA,0,NA,NA,0,0,0,NA,NA,0,NA,NA,NA,0,0,0,"ON_20140730_MW1007-104_05_00_001.h5"
"20140730","MW1007-104","05","A8","Bisindolymaleimide 1","0","uM",0,0,NA,0,NA,NA,0,0,0,NA,NA,0,NA,NA,NA,0,0,0,"ON_20140730_MW1007-104_05_00_001.h5"
"20140730","MW1007-104","05","B1","Glyphosate","0","uM",0,0,NA,0,NA,NA,0,0,0,NA,NA,0,NA,NA,NA,0,0,0,"ON_20140730_MW1007-104_05_00_001.h5"
"20140730","MW1007-104","05","B2","Glyphosate","0.1","uM",0,0,NA,0,NA,NA,0,0,0,NA,NA,0,NA,NA,NA,0,0,0,"ON_20140730_MW1007-104_05_00_001.h5"
"20140730","MW1007-104","05","B6","Glyphosate","10","uM",0,0,NA,0,NA,NA,0,0,0,NA,NA,0,NA,NA,NA,0,0,0,"ON_20140730_MW1007-104_05_00_001.h5"
"20140730","MW1007-104","05","B8","Glyphosate","100","uM",0,0,NA,0,NA,NA,0,0,0,NA,NA,0,NA,NA,NA,0,0,0,"ON_20140730_MW1007-104_05_00_001.h5"
"20140730","MW1007-104","05","C2","Sodium Orthovanadate","0.01","uM",0,0,NA,0,NA,NA,0,0,0,NA,NA,0,NA,NA,NA,0,0,0,"ON_20140730_MW1007-104_05_00_001.h5"
"20140730","MW1007-104","05","D1","Bisindolymaleimide 1","0","uM",0,0,NA,0,NA,NA,0,0,0,NA,NA,0,NA,NA,NA,0,0,0,"ON_20140730_MW1007-104_05_00_001.h5"
"20140730","MW1007-104","05","D5","Bisindolymaleimide 1","1","uM",0,0,NA,0,NA,NA,0,0,0,NA,NA,0,NA,NA,NA,0,0,0,"ON_20140730_MW1007-104_05_00_001.h5"
"20140730","MW1007-104","05","D6","Bisindolymaleimide 1","3","uM",0,0,NA,0,NA,NA,0,0,0,NA,NA,0,NA,NA,NA,0,0,0,"ON_20140730_MW1007-104_05_00_001.h5"
"20140730","MW1007-104","05","D7","Bisindolymaleimide 1","10","uM",0,0,NA,0,NA,NA,0,0,0,NA,NA,0,NA,NA,NA,0,0,0,"ON_20140730_MW1007-104_05_00_001.h5"
"20140730","MW1007-104","05","E2","Glyphosate","0.1","uM",0,0,NA,0,NA,NA,0,0,0,NA,NA,0,NA,NA,NA,0,0,0,"ON_20140730_MW1007-104_05_00_001.h5"
"20140730","MW1007-104","05","E5","Glyphosate","3","uM",0,0,NA,0,NA,NA,0,0,0,NA,NA,0,NA,NA,NA,0,0,0,"ON_20140730_MW1007-104_05_00_001.h5"
"20140730","MW1007-104","05","E6","Glyphosate","10","uM",0,0,NA,0,NA,NA,0,0,0,NA,NA,0,NA,NA,NA,0,0,0,"ON_20140730_MW1007-104_05_00_001.h5"
"20140730","MW1007-104","05","E7","Glyphosate","30","uM",0,0,NA,0,NA,NA,0,0,0,NA,NA,0,NA,NA,NA,0,0,0,"ON_20140730_MW1007-104_05_00_001.h5"
"20140730","MW1007-104","05","F1","Sodium Orthovanadate","0","uM",0,0,NA,0,NA,NA,0,0,0,NA,NA,0,NA,NA,NA,0,0,0,"ON_20140730_MW1007-104_05_00_001.h5"
"20140730","MW1007-104","05","F6","Sodium Orthovanadate","1","uM",0,0,NA,0,NA,NA,0,0,0,NA,NA,0,NA,NA,NA,0,0,0,"ON_20140730_MW1007-104_05_00_001.h5"
"20140730","MW1007-104","05","F7","Sodium Orthovanadate","3","uM",0,0,NA,0,NA,NA,0,0,0,NA,NA,0,NA,NA,NA,0,0,0,"ON_20140730_MW1007-104_05_00_001.h5"
"20140730","MW1007-104","05","F8","Sodium Orthovanadate","10","uM",0,0,NA,0,NA,NA,0,0,0,NA,NA,0,NA,NA,NA,0,0,0,"ON_20140730_MW1007-104_05_00_001.h5"
"20140730","MW1007-104","7","A2","Bisindolymaleimide 1","0.03","uM",1.35057190105772,1.40571428571429,0.0968747458389577,24.1655,0.7495,28.4495,7,2,0,NA,NA,0,NA,NA,NA,0.0044967003047982,1.22883928847602,1.92383752119912,"ON_20140730_MW1007-104_07_00_001.h5"
"20140730","MW1007-104","7","A3","Bisindolymaleimide 1","0.1","uM",1.11198406727556,2.34,0.070817194565386,27.7083333333333,0.368666666666667,21.5456666666667,7,3,0,NA,NA,0,NA,NA,NA,0.00420498894360065,0.556440156794048,1.62789387607753,"ON_20140730_MW1007-104_07_00_001.h5"
"20140730","MW1007-104","7","A4","Bisindolymaleimide 1","0.3","uM",0.413647300136271,0.06,NA,0,NA,NA,3,0,0,NA,NA,0,NA,NA,NA,0.00197003173165803,1.93590266088395,1.52819989110373,"ON_20140730_MW1007-104_07_00_001.h5"
"20140730","MW1007-104","7","A5","Bisindolymaleimide 1","1","uM",0.157104649292149,0,NA,0,NA,NA,3,0,0,NA,NA,0,NA,NA,NA,0.00296354687938115,0.937709215860707,0.629339684264203,"ON_20140730_MW1007-104_07_00_001.h5"
"20140730","MW1007-104","7","B1","Glyphosate","0","uM",0.915458032875312,2.88,0.0667286557545367,49.8412,0.4218,20.5344,8,5,2,6.5,0.203125,0.341956586381207,257.45,0.057452425971407,11.5,0.0199895712695372,0.539820170793843,1.32669325548625,"ON_20140730_MW1007-104_07_00_001.h5"
"20140730","MW1007-104","7","B2","Glyphosate","0.1","uM",0.590656610877199,1.42615384615385,0.039281102498605,67.3505,0.424125,34.72025,13,8,34,10.7647058823529,0.210410830999066,11.9150779896014,25.9924242424242,0.0503172136356384,24.2647058823529,0.153742476762082,0.30859216315984,1.29532598968444,"ON_20140730_MW1007-104_07_00_001.h5"
"20140730","MW1007-104","7","B3","Glyphosate","0.3","uM",1.36316667714383,3.39857142857143,0.0358046742437658,68.3046923076923,0.410230769230769,22.2586153846154,14,13,45,13.0444444444444,0.239092592592593,12.9780709367587,20.0715909090909,0.0390638956265951,49.8444444444444,0.197317062004608,0.324937840246417,0.840309807304809,"ON_20140730_MW1007-104_07_00_001.h5"
"20140730","MW1007-104","7","B4","Glyphosate","1","uM",1.05164003946173,4.224,0.0672378360011316,68.005125,0.50825,19.5555,10,8,26,7.96153846153846,0.211524725274725,4.40667296191376,34.55,0.045474046561665,16.1538461538462,0.0775483460750453,0.639105454984915,1.1646728971873,"ON_20140730_MW1007-104_07_00_001.h5"
"20140730","MW1007-104","7","B5","Glyphosate","3","uM",1.71499131747293,4.864,0.0643512004301882,56.8581428571429,0.5325,19.0482142857143,15,14,70,8.87142857142857,0.290833758503401,5.04201680672269,12.7173913043478,0.0674710212222494,16.7142857142857,0.0610937178908821,0.227732392573094,1.3899569058518,"ON_20140730_MW1007-104_07_00_001.h5"
"20140730","MW1007-104","7","B6","Glyphosate","10","uM",0.273251192368839,1.176,0.041954499069394,68.761,0.247333333333333,38.5203333333333,5,3,1,5,0.154166666666666,0.694444444444444,NA,NA,9,0.0890983668261559,1.01280793163161,1.06545209334045,"ON_20140730_MW1007-104_07_00_001.h5"
"20140730","MW1007-104","7","B7","Glyphosate","30","uM",1.78644620855099,4.794,0.0856826722073005,51.9223333333333,0.8345,11.2148333333333,10,6,2,5.5,0.195833333333333,0.154626422563088,149.45,0.0412478955692154,12.5,0.0218624277573001,0.895529206333054,1.54234566174738,"ON_20140730_MW1007-104_07_00_001.h5"
"20140730","MW1007-104","7","C1","Sodium Orthovanadate","0","uM",1.21170531326781,2.24727272727273,0.0470977834799718,55.325,0.4975,30.0609,11,10,26,11.1153846153846,0.221790293040293,7.43288034471329,32.802,0.103513649623943,34.5,0.137420073867045,0.368684653045401,1.03103249203592,"ON_20140730_MW1007-104_07_00_001.h5"
"20140730","MW1007-104","7","C2","Sodium Orthovanadate","0.01","uM",0.453570363956393,1.242,0.0498028794588218,69.53375,0.50125,47.59625,10,8,16,9.0625,0.222194940476191,8.61441397719,58.26,0.0414340039028545,22.1875,0.119299848266127,0.701449806012962,0.926651089393253,"ON_20140730_MW1007-104_07_00_001.h5"
"20140730","MW1007-104","7","C3","Sodium Orthovanadate","0.03","uM",0.723642497539556,1.676,0.0311835660159895,80.7318571428571,0.515642857142857,42.8418571428571,15,14,24,13.4166666666667,0.229994663900914,17.6134041683694,36.5195652173913,0.0644764990297673,71.8333333333333,0.289115113781215,0.509020715966523,0.812922288507405,"ON_20140730_MW1007-104_07_00_001.h5"
"20140730","MW1007-104","7","C4","Sodium Orthovanadate","0.1","uM",1.57212906277376,3.46285714285714,0.0606555880723669,64.2047142857143,0.684428571428571,20.5751428571429,14,14,45,12.9777777777778,0.298453703703704,6.34888743784218,19.9795454545455,0.0515276810873529,28.0888888888889,0.120967533974389,0.213056399632989,0.873946444819935,"ON_20140730_MW1007-104_07_00_001.h5"
"20140730","MW1007-104","7","C5","Sodium Orthovanadate","0.3","uM",1.39532692299893,2.22428571428571,0.0536729619846013,59.0649090909091,0.726545454545454,31.1797272727273,14,11,22,12.1363636363636,0.370762987012987,2.96576658004745,40.6857142857143,0.092371812299812,23.8636363636364,0.0661746834303604,0.284838352235488,1.31489763421026,"ON_20140730_MW1007-104_07_00_001.h5"
"20140730","MW1007-104","7","C6","Sodium Orthovanadate","1","uM",0.516781881671588,1.00615384615385,0.0393204357424501,64.9048461538462,0.607615384615385,69.074,13,13,22,11.6818181818182,0.213250032795487,13.3212877792378,40.4357142857143,0.057414787461301,36.8636363636364,0.229954146526755,0.552469579460039,0.870121787338124,"ON_20140730_MW1007-104_07_00_001.h5"
"20140730","MW1007-104","7","C7","Sodium Orthovanadate","3","uM",0.710667501798017,1.46,0.0904270227127432,36.6595,0.584,41.40275,6,4,4,8,0.1415625,1.2227928588897,216.516666666667,0.0410261533004207,12.5,0.0229097933198588,0.85971343633905,1.73642513134284,"ON_20140730_MW1007-104_07_00_001.h5"
"20140730","MW1007-104","7","C8","Sodium Orthovanadate","10","uM",1.25258612735635,5.97,0.053778574379256,60.5595,0.358,13.786,2,2,0,NA,NA,0,NA,NA,NA,0.000332643193537729,0.116655081896068,0.460659536657497,"ON_20140730_MW1007-104_07_00_001.h5"
"20140730","MW1007-104","7","D1","Bisindolymaleimide 1","0","uM",0.952165072109925,0.78,0.0717727961306428,35.5596666666667,0.533,57.397,5,3,0,NA,NA,0,NA,NA,NA,0.0314459785770411,0.610025877323176,2.72167792266366,"ON_20140730_MW1007-104_07_00_001.h5"
"20140730","MW1007-104","7","D2","Bisindolymaleimide 1","0.03","uM",0.941796165256643,1.35,0.0629519076207222,52.85875,0.758,50.35225,8,8,16,9.9375,0.23050037202381,5.65051560954937,56.54,0.0494061761352735,25,0.113917019868789,0.509602345522902,1.27887137658027,"ON_20140730_MW1007-104_07_00_001.h5"
"20140730","MW1007-104","7","D3","Bisindolymaleimide 1","0.1","uM",1.46744983888826,2.0325,0.0627119323787091,57.554,1.0028125,44.039125,16,16,13,15.3846153846154,0.331135531135531,2.13961836387682,67.8041666666667,0.0611139647858969,34.8461538461538,0.110349818193079,0.241040654649849,0.945970433965495,"ON_20140730_MW1007-104_07_00_001.h5"
"20140730","MW1007-104","7","D4","Bisindolymaleimide 1","0.3","uM",1.08370523040297,1.98,0.08371679645439,51.0979166666667,0.89375,35.1193333333333,14,12,23,11.6086956521739,0.211932367149758,2.57716948165405,40.0636363636364,0.066220606948384,15.3913043478261,0.0626372203027977,0.342926834802171,1.01208445769416,"ON_20140730_MW1007-104_07_00_001.h5"
"20140730","MW1007-104","7","D5","Bisindolymaleimide 1","1","uM",1.21266306353623,0.57,0.0488587341772183,70.455,0.276,62.666,4,1,0,NA,NA,0,NA,NA,NA,0.0387576428821292,0.704005902348781,2.04676451459776,"ON_20140730_MW1007-104_07_00_001.h5"
"20140730","MW1007-104","7","D8","Bisindolymaleimide 1","0","uM",0.387435187527099,0.927272727272727,0.0845917309292843,57.9608333333333,0.590166666666667,43.3491666666667,11,6,4,8.75,0.122135416666667,1.09359104781282,244.466666666667,0.0294551089505205,10.75,0.0462931272764899,0.425455598730986,1.11668345815498,"ON_20140730_MW1007-104_07_00_001.h5"
"20140730","MW1007-104","7","E1","Glyphosate","0","uM",1.99753940849989,2.46,0.0674046954063975,29.2435,0.79575,39.266,4,4,7,6.57142857142857,0.143928571428571,1.61093813456071,129.083333333333,0.0442934874343908,17,0.0443422404293616,0.985737387285551,2.49187520366063,"ON_20140730_MW1007-104_07_00_001.h5"
"20140730","MW1007-104","7","E2","Glyphosate","0.1","uM",1.20612011696571,2.472,0.067091278181139,41.5795,0.78,41.718875,10,8,20,10.15,0.191471726190476,4.19096209912536,42.0815789473684,0.0320136225234335,23,0.0720492201839888,0.611842237798204,1.03289119655278,"ON_20140730_MW1007-104_07_00_001.h5"
"20140730","MW1007-104","7","E3","Glyphosate","0.3","uM",0.749592489022636,1.864,0.0348747507058346,67.9255,0.444,30.4655,15,14,29,14.4827586206897,0.21867013733393,15.9591194968553,30.6678571428571,0.0246063463509511,56,0.243700403749273,0.325065454721258,0.657749624599561,"ON_20140730_MW1007-104_07_00_001.h5"
"20140730","MW1007-104","7","E4","Glyphosate","1","uM",0.826185626277538,2.276,0.0419764186685845,68.1512142857143,0.569357142857143,47.9955714285714,15,14,24,13.5,0.234789599867725,9.64653243847875,37.1695652173913,0.0382927093363031,44.9166666666667,0.213249813475803,0.354316126711888,1.02472896152371,"ON_20140730_MW1007-104_07_00_001.h5"
"20140730","MW1007-104","7","E5","Glyphosate","3","uM",1.09688617845787,0.888,0.0631336437488191,41.9955,0.694166666666667,53.59,10,7,10,10.8,0.174761904761905,2.02955665024631,84.6388888888889,0.0333012293434844,20.6,0.0354855771536394,0.437226625012713,1.4471676076807,"ON_20140730_MW1007-104_07_00_001.h5"
"20140730","MW1007-104","7","E6","Glyphosate","10","uM",0.416234906124612,0.36,0.0622991869918695,30.889,0.479,57.306,3,1,0,NA,NA,0,NA,NA,NA,-1.33863027726146e-05,1.01136390819299,1.25558858456161,"ON_20140730_MW1007-104_07_00_001.h5"
"20140730","MW1007-104","7","E8","Glyphosate","100","uM",1.13859944315564,3,0.0697203406867863,46.8428333333333,0.738833333333333,37.9183333333333,7,6,20,9.65,0.205178571428571,6.07935440484196,44,0.0482502689141977,22.6,0.116397357985214,0.734582277798757,1.53107006025429,"ON_20140730_MW1007-104_07_00_001.h5"
"20140730","MW1007-104","7","F1","Sodium Orthovanadate","0","uM",0.701241222840488,1.035,0.0719355229636849,29.9492222222222,0.536444444444444,59.8138888888889,12,9,6,9.83333333333333,0.185763888888889,1.20671563483736,155.62,0.0330639286780871,15.3333333333333,0.0335712631157007,0.452359875975711,0.904941067091124,"ON_20140730_MW1007-104_07_00_001.h5"
"20140730","MW1007-104","7","F2","Sodium Orthovanadate","0.01","uM",1.52072019686253,1.67571428571429,0.0659141286569455,56.4092,5.0378,32.1624,14,10,22,12.2727272727273,0.247011634199134,3.44183149042205,39.8452380952381,0.0826617448679656,30.1363636363636,0.0741708617179136,0.315344552212166,1.58535974796216,"ON_20140730_MW1007-104_07_00_001.h5"
"20140730","MW1007-104","7","F3","Sodium Orthovanadate","0.03","uM",1.79237921942426,2.56875,0.0582151941328695,55.6917692307692,1.04684615384615,23.7378461538462,16,13,36,12.7222222222222,0.331086033950617,3.69682907965971,24.5857142857143,0.0753245583774612,26.5555555555556,0.0667116351057594,0.257340175041609,1.06821171251304,"ON_20140730_MW1007-104_07_00_001.h5"
"20140730","MW1007-104","7","F4","Sodium Orthovanadate","0.1","uM",1.98442975163038,4.55142857142857,0.0753522182607653,51.8597272727273,0.845363636363636,12.6584545454545,14,11,29,9.37931034482759,0.268284072249589,1.65638064901453,30.2339285714286,0.0898405973133354,14.3448275862069,0.0305542997488094,0.261186507154503,0.822492583440089,"ON_20140730_MW1007-104_07_00_001.h5"
"20140730","MW1007-104","7","F5","Sodium Orthovanadate","0.3","uM",1.25908154646994,3.11142857142857,0.0421681193840261,57.8346666666667,0.566,38.123,14,12,30,12.5333333333333,0.223056216931217,6.26648248147683,28.5844827586207,0.0468608719752108,33.2666666666667,0.124027835024751,0.275299209657442,1.43601736718568,"ON_20140730_MW1007-104_07_00_001.h5"
"20140730","MW1007-104","7","F6","Sodium Orthovanadate","1","uM",1.33582078664799,2.89333333333333,0.0989745081711259,37.7045714285714,0.737571428571429,28.7365714285714,9,7,7,8.42857142857143,0.181352040816326,0.758807588075881,141.883333333333,0.0342891021923077,12,0.0188549225091979,0.346803452833502,1.30420948719996,"ON_20140730_MW1007-104_07_00_001.h5"
"20140730","MW1007-104","7","F8","Sodium Orthovanadate","10","uM",0.402927218184571,0,NA,0,NA,NA,3,0,0,NA,NA,0,NA,NA,NA,-0.00114035116056611,0.787007189081955,0.97024330338456,"ON_20140730_MW1007-104_07_00_001.h5"
"20140730","MW1007-104","07","A1","Bisindolymaleimide 1","0","uM",0,0,NA,0,NA,NA,0,0,0,NA,NA,0,NA,NA,NA,0,0,0,"ON_20140730_MW1007-104_07_00_001.h5"
"20140730","MW1007-104","07","A6","Bisindolymaleimide 1","3","uM",0,0,NA,0,NA,NA,0,0,0,NA,NA,0,NA,NA,NA,0,0,0,"ON_20140730_MW1007-104_07_00_001.h5"
"20140730","MW1007-104","07","A7","Bisindolymaleimide 1","10","uM",0,0,NA,0,NA,NA,0,0,0,NA,NA,0,NA,NA,NA,0,0,0,"ON_20140730_MW1007-104_07_00_001.h5"
"20140730","MW1007-104","07","A8","Bisindolymaleimide 1","0","uM",0,0,NA,0,NA,NA,0,0,0,NA,NA,0,NA,NA,NA,0,0,0,"ON_20140730_MW1007-104_07_00_001.h5"
"20140730","MW1007-104","07","B8","Glyphosate","100","uM",0,0,NA,0,NA,NA,0,0,0,NA,NA,0,NA,NA,NA,0,0,0,"ON_20140730_MW1007-104_07_00_001.h5"
"20140730","MW1007-104","07","D6","Bisindolymaleimide 1","3","uM",0,0,NA,0,NA,NA,0,0,0,NA,NA,0,NA,NA,NA,0,0,0,"ON_20140730_MW1007-104_07_00_001.h5"
"20140730","MW1007-104","07","D7","Bisindolymaleimide 1","10","uM",0,0,NA,0,NA,NA,0,0,0,NA,NA,0,NA,NA,NA,0,0,0,"ON_20140730_MW1007-104_07_00_001.h5"
"20140730","MW1007-104","07","E7","Glyphosate","30","uM",0,0,NA,0,NA,NA,0,0,0,NA,NA,0,NA,NA,NA,0,0,0,"ON_20140730_MW1007-104_07_00_001.h5"
"20140730","MW1007-104","07","F7","Sodium Orthovanadate","3","uM",0,0,NA,0,NA,NA,0,0,0,NA,NA,0,NA,NA,NA,0,0,0,"ON_20140730_MW1007-104_07_00_001.h5"
"20140730","MW1007-104","12","A1","Bisindolymaleimide 1","0","uM",0.930079586142231,2.40461538461538,0.0233961878077452,61.3459166666667,0.305583333333333,39.91975,13,12,80,9.45,0.115312466179654,27.4748207966609,11.0746835443038,0.039194705617708,37.85,0.299547172661837,0.512295762917829,0.968125722609149,"ON_20140730_MW1007-104_12_00_001.h5"
"20140730","MW1007-104","12","A2","Bisindolymaleimide 1","0.03","uM",1.81432075451606,4.06,0.0347581028662649,76.6349285714286,0.6405,20.2726428571429,15,14,136,10.3014705882353,0.133351764656912,22.4624404543789,6.53259259259259,0.059231205803291,40.5661764705882,0.278044063380668,0.409455042968795,0.940391160406374,"ON_20140730_MW1007-104_12_00_001.h5"
"20140730","MW1007-104","12","A3","Bisindolymaleimide 1","0.1","uM",1.14302270921325,2.84142857142857,0.0201761630638647,85.5725384615385,0.401615384615385,23.1248461538462,14,13,47,12.8510638297872,0.192778123177059,23.2427561347567,18.8434782608696,0.0899380782972681,71.3404255319149,0.385013208242489,0.494907442424572,0.853148744195705,"ON_20140730_MW1007-104_12_00_001.h5"
"20140730","MW1007-104","12","A4","Bisindolymaleimide 1","0.3","uM",0.918770728544367,1.8,0.0478111026298165,68.8119285714286,0.852142857142857,39.5367142857143,15,14,40,10.95,0.120290043290043,12.5904486251809,20.9730769230769,0.0458319363061883,39.15,0.19490347360767,0.765216739572587,1.56705788002065,"ON_20140730_MW1007-104_12_00_001.h5"
"20140730","MW1007-104","12","A5","Bisindolymaleimide 1","1","uM",0.657796654089033,1.64,0.0726692422404052,63.0272727272727,0.948,40.8173636363636,12,11,17,10.1176470588235,0.207153361344538,4.8790601243953,55.259375,0.0338253719464387,20.7647058823529,0.0942751516897756,0.968271006815927,0.954763797596077,"ON_20140730_MW1007-104_12_00_001.h5"
"20140730","MW1007-104","12","A8","Bisindolymaleimide 1","0","uM",0.833523388128275,1.61,0.0579844076592452,41.8292222222222,0.609666666666667,40.7354444444444,12,9,27,9.92592592592593,0.135513300999412,7.79690755565303,30.2826923076923,0.0342033352571624,26.3333333333333,0.0943583657944929,0.44314841416148,0.923551479834316,"ON_20140730_MW1007-104_12_00_001.h5"
"20140730","MW1007-104","12","B1","Glyphosate","0","uM",1.34341747806013,4.315,0.0202735971746706,78.9530833333333,0.278833333333333,16.31325,12,12,123,10.1544715447154,0.137719874411948,36.6201059657332,7.17868852459016,0.0658695470241994,43.2682926829268,0.412588323170803,0.374676154844058,0.597908612172105,"ON_20140730_MW1007-104_12_00_001.h5"
"20140730","MW1007-104","12","B2","Glyphosate","0.1","uM",1.51881143133002,3.86,0.0156240387663498,91.1337142857143,0.313214285714286,14.6442142857143,15,14,75,13.5466666666667,0.177879628704629,29.2940090374617,11.7601351351351,0.104027348730783,80.3866666666667,0.483442064195451,0.462289797708762,0.7621349663973,"ON_20140730_MW1007-104_12_00_001.h5"
"20140730","MW1007-104","12","B3","Glyphosate","0.3","uM",1.11111801323077,2.4,0.0230770045325554,88.5723333333333,0.533133333333333,26.1059333333333,15,15,55,12.0909090909091,0.176491194411649,22.5956738768719,16.0555555555556,0.0788464742145008,61.7272727272727,0.438874331775549,0.475623132667842,0.565953892701288,"ON_20140730_MW1007-104_12_00_001.h5"
"20140730","MW1007-104","12","B4","Glyphosate","1","uM",1.09126493827275,3.36923076923077,0.0165536479553881,81.9693076923077,0.244384615384615,21.8313076923077,13,13,75,11.3466666666667,0.144271368446369,32.0275236531394,11.9209459459459,0.0542896667463221,54.6133333333333,0.452526553877307,0.435398347323071,0.47383538658749,"ON_20140730_MW1007-104_12_00_001.h5"
"20140730","MW1007-104","12","B5","Glyphosate","3","uM",1.26574552210197,3.9675,0.0175495702863466,82.2783125,0.2500625,19.002625,16,16,76,14.5131578947368,0.154712818249003,28.8930273319823,11.8246666666667,0.0510366592917688,69.4078947368421,0.42667158473653,0.308401998161057,0.604518565587176,"ON_20140730_MW1007-104_12_00_001.h5"
"20140730","MW1007-104","12","B6","Glyphosate","10","uM",0.694914509132323,2.54769230769231,0.0214013649629482,74.8918461538462,0.212384615384615,26.046,13,13,53,12.9622641509434,0.158965888671077,27.813061713601,16.4461538461538,0.0365118853173424,43.7924528301887,0.342489954626189,0.482367660865127,0.67930353464872,"ON_20140730_MW1007-104_12_00_001.h5"
"20140730","MW1007-104","12","B7","Glyphosate","30","uM",1.13530008247047,3.708,0.0120969526792722,73.6527333333333,0.148866666666667,20.3704,15,15,100,12.06,0.13086120962371,36.9072433559145,8.75050505050505,0.0357219206531567,56.66,0.443007909880342,0.285739688622408,0.592618883558,"ON_20140730_MW1007-104_12_00_001.h5"
"20140730","MW1007-104","12","C1","Sodium Orthovanadate","0","uM",3.02069858353292,8.04857142857143,0.0212315174908935,85.6703571428571,0.396928571428571,9.399,14,14,141,11.2765957446809,0.15234261355272,22.0910712412129,6.33428571428571,0.067131005833788,59.7304964539007,0.435388906273964,0.274420477049747,0.627743544404775,"ON_20140730_MW1007-104_12_00_001.h5"
"20140730","MW1007-104","12","C2","Sodium Orthovanadate","0.01","uM",1.10365355569596,2.77125,0.0215423015363509,91.0243125,0.4246875,23.61225,16,16,89,11.6179775280899,0.158392316173215,29.9579119291413,10.0806818181818,0.092922384393346,53.5842696629214,0.442415472217137,0.643611270164115,1.17255878605579,"ON_20140730_MW1007-104_12_00_001.h5"
"20140730","MW1007-104","12","C3","Sodium Orthovanadate","0.03","uM",1.08529195010487,2.85230769230769,0.0108488176733114,89.6333076923077,0.195230769230769,24.4415384615385,13,13,55,12.0363636363636,0.17414492325856,31.8814372199072,16.2009259259259,0.053007010204706,73.7272727272727,0.578106002314844,0.541851316326603,0.377459099316746,"ON_20140730_MW1007-104_12_00_001.h5"
"20140730","MW1007-104","12","C4","Sodium Orthovanadate","0.1","uM",1.28730694278301,3.61714285714286,0.0177229389278509,87.8915714285714,0.300714285714286,17.2913571428571,14,14,67,11.8507462686567,0.179047332228302,27.5927863605589,12.8325757575758,0.0554739633638789,66.910447761194,0.494619356919266,0.463631594854818,0.407688492372629,"ON_20140730_MW1007-104_12_00_001.h5"
"20140730","MW1007-104","12","C5","Sodium Orthovanadate","0.3","uM",1.44218865918635,4.0425,0.0106087552584808,88.3894375,0.1863125,16.506875,16,16,93,13.2903225806452,0.18054121729525,30.3961157581002,9.60326086956522,0.0615157703044486,67.989247311828,0.514778166632631,0.404964942919014,0.526211927014437,"ON_20140730_MW1007-104_12_00_001.h5"
"20140730","MW1007-104","12","C6","Sodium Orthovanadate","1","uM",0.860238288779165,2.80285714285714,0.0129138316490827,83.8500714285714,0.177714285714286,25.5181428571429,14,14,66,12.1969696969697,0.148461152694107,28.524198732666,13.3653846153846,0.0398625622588441,47.0606060606061,0.487570569566156,0.475101643221513,0.529776974965555,"ON_20140730_MW1007-104_12_00_001.h5"
"20140730","MW1007-104","12","C7","Sodium Orthovanadate","3","uM",1.1856008201493,3.8925,0.0185238159278659,83.7156875,0.265875,15.337125,16,16,97,14.1237113402062,0.146386414988219,38.5299105315479,9.05885416666667,0.0562123659682255,67.9278350515464,0.480410942307447,0.250892515301349,0.461213224206472,"ON_20140730_MW1007-104_12_00_001.h5"
"20140730","MW1007-104","12","C8","Sodium Orthovanadate","10","uM",1.43151194283625,3.68,0.0474554509871976,48.8672,0.4818,31.313,6,5,7,6.42857142857143,0.127168367346939,2.65156390783885,78.075,0.0154456298208799,29.4285714285714,0.084108256617102,1.03500731626886,1.67112261366887,"ON_20140730_MW1007-104_12_00_001.h5"
"20140730","MW1007-104","12","D1","Bisindolymaleimide 1","0","uM",1.30983897404133,3.705,0.0156053049677567,80.948,0.212533333333333,18.7350666666667,16,15,121,12.5289256198347,0.124579958608884,35.4628698459747,7.39625,0.0552060297039971,55.3719008264463,0.42603501333598,0.393343297727463,0.611874729025237,"ON_20140730_MW1007-104_12_00_001.h5"
"20140730","MW1007-104","12","D2","Bisindolymaleimide 1","0.03","uM",1.68276142369825,4.75875,0.0206295141494572,85.065,0.33775,14.6169375,16,16,93,13.247311827957,0.150597697553343,22.3467369808833,9.58641304347826,0.0498399206012759,58.3225806451613,0.426060535488255,0.484721481425041,0.785687719954351,"ON_20140730_MW1007-104_12_00_001.h5"
"20140730","MW1007-104","12","D3","Bisindolymaleimide 1","0.1","uM",1.38422934185725,3.6525,0.015324526252022,86.061,0.277125,18.493125,16,16,113,11.5575221238938,0.146013308839636,31.5586497044976,7.76830357142857,0.0810036960906473,55.7610619469027,0.462379074173116,0.521971117978063,0.715466093481667,"ON_20140730_MW1007-104_12_00_001.h5"
"20140730","MW1007-104","12","D4","Bisindolymaleimide 1","0.3","uM",0.95627540567853,2.68153846153846,0.0215580087806708,85.4803076923077,0.366923076923077,21.7213076923077,13,13,65,11.3846153846154,0.170978632478633,21.3527259748372,13.58671875,0.0825006891804511,36.8153846153846,0.413550049187556,0.914673075638131,1.23330341085893,"ON_20140730_MW1007-104_12_00_001.h5"
"20140730","MW1007-104","12","D5","Bisindolymaleimide 1","1","uM",0.746282207376142,2.02153846153846,0.026236470583778,87.3976363636364,0.433363636363636,28.5457272727273,13,11,42,11.5238095238095,0.194792718855219,20.7911788109583,21.1317073170732,0.0766073997335433,43.5476190476191,0.285939743760168,0.762628082198166,0.764178371225951,"ON_20140730_MW1007-104_12_00_001.h5"
"20140730","MW1007-104","12","D6","Bisindolymaleimide 1","3","uM",0.512704238650845,1.616,0.0206645221722907,84.577,0.295133333333333,35.6096666666667,15,15,29,13.2758620689655,0.226343763994626,22.5299293235252,28.7107142857143,0.0874167855136346,53.8620689655172,0.363126884706012,0.653785740262002,1.13177104201967,"ON_20140730_MW1007-104_12_00_001.h5"
"20140730","MW1007-104","12","D8","Bisindolymaleimide 1","0","uM",1.73038076712243,3.53571428571429,0.0485888980855604,55.7507692307692,0.780846153846154,23.9397692307692,14,13,195,9.55384615384615,0.0947840122840123,21.8187645954485,4.50670103092784,0.0493401074617847,24.4358974358974,0.214425771246848,0.603046950274258,0.655909547538606,"ON_20140730_MW1007-104_12_00_001.h5"
"20140730","MW1007-104","12","E1","Glyphosate","0","uM",1.88044904739762,5.93142857142857,0.0192253820718709,83.5871428571429,0.265714285714286,15.0323571428571,14,14,222,9.76126126126126,0.116335258522759,35.8066826781275,3.99841628959276,0.0712093406191893,38.2792792792793,0.438773185680529,0.288778561343521,0.61195471373825,"ON_20140730_MW1007-104_12_00_001.h5"
"20140730","MW1007-104","12","E2","Glyphosate","0.1","uM",1.80970342134128,4.7625,0.0142317387551076,86.5084375,0.2185,14.807125,16,16,129,13.3953488372093,0.144872098723843,33.2567137876872,6.863671875,0.066204093257092,67.2945736434109,0.500592238007113,0.24257580642818,0.495395567513326,"ON_20140730_MW1007-104_12_00_001.h5"
"20140730","MW1007-104","12","E3","Glyphosate","0.3","uM",1.92765393858157,6.43846153846154,0.0118385678198099,92.1771538461538,0.183538461538462,9.42938461538462,13,13,110,12.8090909090909,0.164738218221173,29.4984728431676,7.89036697247706,0.0615952655668153,60.5818181818182,0.60366633576304,0.445805082889879,0.31157931265836,"ON_20140730_MW1007-104_12_00_001.h5"
"20140730","MW1007-104","12","E4","Glyphosate","1","uM",1.82814502230962,4.97625,0.0166633720822953,89.523125,0.302875,12.7184375,16,16,99,14.1919191919192,0.15942205521751,30.2817702605332,8.65867346938776,0.0481449906811966,80.6565656565657,0.500179911779966,0.481848213116171,0.515945738844605,"ON_20140730_MW1007-104_12_00_001.h5"
"20140730","MW1007-104","12","E5","Glyphosate","3","uM",0.850740170987196,1.71,0.0450659494697331,80.3544375,0.9230625,31.746625,16,16,40,13.35,0.174826456529582,18.3359139434439,22.1141025641026,0.0618992935958374,56.25,0.287411911471063,1.22176659541087,0.617464498268707,"ON_20140730_MW1007-104_12_00_001.h5"
"20140730","MW1007-104","12","E6","Glyphosate","10","uM",1.03176828756045,2.44,0.0325501447052073,87.0171333333333,0.6398,24.4638666666667,15,15,41,13.9268292682927,0.191266460504265,18.2554472477064,20.91125,0.0674682680197896,62.1219512195122,0.325922252260139,0.887219720395299,1.43516644526142,"ON_20140730_MW1007-104_12_00_001.h5"
"20140730","MW1007-104","12","E8","Glyphosate","100","uM",1.49115365183263,4.056,0.011988383162947,87.7922666666667,0.1986,17.7548,15,15,109,11.7247706422018,0.147221981000651,35.6080142828804,7.99537037037037,0.0615813105701703,65.8715596330275,0.542474657430952,0.364457735896835,0.892010880998028,"ON_20140730_MW1007-104_12_00_001.h5"
"20140730","MW1007-104","12","F1","Sodium Orthovanadate","0","uM",1.59401988520395,4.78125,0.0110265876712055,82.8761875,0.1726875,12.8970625,16,16,149,12.8255033557047,0.126743070967064,33.5594989561587,5.84628378378378,0.0624359500754495,51.7852348993289,0.522152656276643,0.407696647551961,0.391417086282271,"ON_20140730_MW1007-104_12_00_001.h5"
"20140730","MW1007-104","12","F2","Sodium Orthovanadate","0.01","uM",2.6043423009616,5.92,0.0197798100431613,85.9484,0.429333333333333,10.6028666666667,15,15,138,12.2463768115942,0.172830501825067,23.0229718601812,6.3551094890511,0.0877092935679399,58.7536231884058,0.457611416765266,0.270597741434451,0.752765789041176,"ON_20140730_MW1007-104_12_00_001.h5"
"20140730","MW1007-104","12","F3","Sodium Orthovanadate","0.03","uM",2.39193110905625,5.75625,0.015873112619991,85.6104375,0.346625,11.3405,16,16,176,14.0113636363636,0.12907410100947,27.6426770238544,5.046,0.0740624981318774,54.1875,0.515033172946083,0.330950777251165,0.627751057815153,"ON_20140730_MW1007-104_12_00_001.h5"
"20140730","MW1007-104","12","F4","Sodium Orthovanadate","0.1","uM",2.71756171382392,8.352,0.0104976002657591,82.8230666666667,0.159666666666667,7.9114,15,15,245,13.7142857142857,0.127635036165648,35.3053227386524,3.61106557377049,0.0577202539463351,52.9551020408163,0.54079978714724,0.2452927288828,0.68405374348193,"ON_20140730_MW1007-104_12_00_001.h5"
"20140730","MW1007-104","12","F5","Sodium Orthovanadate","0.3","uM",2.24370500803998,6.9075,0.0128123177382553,87.827,0.1925,9.498,16,16,132,15.8181818181818,0.138837824633279,35.2995704971727,6.77175572519084,0.0500810076142661,86.5454545454545,0.636543421690597,0.329988282627187,0.453500491212164,"ON_20140730_MW1007-104_12_00_001.h5"
"20140730","MW1007-104","12","F6","Sodium Orthovanadate","1","uM",1.87022792376747,4.836,0.0122041763766423,85.0655714285714,0.227857142857143,12.9116428571429,15,14,184,11.5978260869565,0.125837331071706,36.8090154211151,4.83169398907104,0.0684550451164299,50.5923913043478,0.49011681726416,0.439527902296955,0.445913929851657,"ON_20140730_MW1007-104_12_00_001.h5"
"20140730","MW1007-104","12","F7","Sodium Orthovanadate","3","uM",2.40156788550212,2.7,0.125866755186722,57.552,3.699,4.141,1,1,0,NA,NA,0,NA,NA,NA,0,1.33768026885622,1.0233389650616,"ON_20140730_MW1007-104_12_00_001.h5"
"20140730","MW1007-104","12","F8","Sodium Orthovanadate","10","uM",1.26508458251839,4.56,0.0209482953641914,74.21,0.229066666666667,18.3954666666667,15,15,86,13.3837209302326,0.151786182164089,32.6357631378968,10.1923529411765,0.0467430768166401,64.9186046511628,0.348483883502358,0.248623990198439,0.734244845693719,"ON_20140730_MW1007-104_12_00_001.h5"
"20140730","MW1007-104","12","A6","Bisindolymaleimide 1","3","uM",0,0,NA,0,NA,NA,0,0,0,NA,NA,0,NA,NA,NA,0,0,0,"ON_20140730_MW1007-104_12_00_001.h5"
"20140730","MW1007-104","12","A7","Bisindolymaleimide 1","10","uM",0,0,NA,0,NA,NA,0,0,0,NA,NA,0,NA,NA,NA,0,0,0,"ON_20140730_MW1007-104_12_00_001.h5"
"20140730","MW1007-104","12","B8","Glyphosate","100","uM",0,0,NA,0,NA,NA,0,0,0,NA,NA,0,NA,NA,NA,0,0,0,"ON_20140730_MW1007-104_12_00_001.h5"
"20140730","MW1007-104","12","D7","Bisindolymaleimide 1","10","uM",0,0,NA,0,NA,NA,0,0,0,NA,NA,0,NA,NA,NA,0,0,0,"ON_20140730_MW1007-104_12_00_001.h5"
"20140730","MW1007-104","12","E7","Glyphosate","30","uM",0,0,NA,0,NA,NA,0,0,0,NA,NA,0,NA,NA,NA,0,0,0,"ON_20140730_MW1007-104_12_00_001.h5"
