"date","Plate.SN","DIV","well","trt","dose","units","meanfiringrate","burst.per.min","mean.isis","per.spikes.in.burst","mean.dur","mean.IBIs","nAE","nABE","ns.n","ns.peak.m","ns.durn.m","ns.percent.of.spikes.in.ns","ns.mean.insis","ns.durn.sd","ns.mean.spikes.in.ns","r","file.name"
"20191113","MW70-2601","5","A1","97","0.03","uM",1.53280148510741,0,NA,0,NA,NA,2,0,0,NA,NA,0,NA,NA,NA,-0.00251476928387476,"NFA_20191113_MW70-2601_05_00_000.h5"
"20191113","MW70-2601","5","A3","97","0.1","uM",0.127779754104641,0,NA,0,NA,NA,1,0,0,NA,NA,0,NA,NA,NA,0,"NFA_20191113_MW70-2601_05_00_000.h5"
"20191113","MW70-2601","5","A5","97","0.95","uM",1.27057520711876,2.64,0.0654193972602738,32.362,0.302,11.178,2,1,0,NA,NA,0,NA,NA,NA,-0.00265763059429214,"NFA_20191113_MW70-2601_05_00_000.h5"
"20191113","MW70-2601","5","A6","97","2.85","uM",0.428339958324689,0.27,0.105312941176465,7.083,0.448,91.465,2,1,0,NA,NA,0,NA,NA,NA,-0.000534309821756243,"NFA_20191113_MW70-2601_05_00_000.h5"
"20191113","MW70-2601","5","A8","97","28.54","uM",0.716677751282553,2.01,0.0494775663026525,62.478,0.529,7.635,2,1,0,NA,NA,0,NA,NA,NA,0.00694816520201168,"NFA_20191113_MW70-2601_05_00_000.h5"
"20191113","MW70-2601","5","B1","93","0.03","uM",0.551119635094801,0.18,NA,0,NA,NA,1,0,0,NA,NA,0,NA,NA,NA,0,"NFA_20191113_MW70-2601_05_00_000.h5"
"20191113","MW70-2601","5","B2","93","0","uM",0.181113912339622,0,NA,0,NA,NA,4,0,0,NA,NA,0,NA,NA,NA,-0.00157671397771723,"NFA_20191113_MW70-2601_05_00_000.h5"
"20191113","MW70-2601","5","B3","93","0.1","uM",0.743344830400044,0,NA,0,NA,NA,1,0,0,NA,NA,0,NA,NA,NA,0,"NFA_20191113_MW70-2601_05_00_000.h5"
"20191113","MW70-2601","5","B4","93","0.3","uM",0.205780960523301,0.588,0.0247406392837509,72.4475,0.2195,44.8295,5,2,0,NA,NA,0,NA,NA,NA,0.0237801046266219,"NFA_20191113_MW70-2601_05_00_000.h5"
"20191113","MW70-2601","5","B5","93","1","uM",0.501859613947214,1.17,0.0708577319587627,48.645,0.412,8.5,6,1,0,NA,NA,0,NA,NA,NA,-0.00082065339743091,"NFA_20191113_MW70-2601_05_00_000.h5"
"20191113","MW70-2601","5","B6","93","3","uM",0.268893047768028,0.02,NA,0,NA,NA,3,0,0,NA,NA,0,NA,NA,NA,-0.00106450718382566,"NFA_20191113_MW70-2601_05_00_000.h5"
"20191113","MW70-2601","5","B7","93","10","uM",0.50334111834263,2.52,0.0523917241379315,66.004,0.36,16.462,1,1,0,NA,NA,0,NA,NA,NA,0,"NFA_20191113_MW70-2601_05_00_000.h5"
"20191113","MW70-2601","5","C2","94","0","uM",0.346672028527375,0.78,0.0417215094339624,37.609,0.192,37.479,2,1,0,NA,NA,0,NA,NA,NA,-0.00324197810366099,"NFA_20191113_MW70-2601_05_00_000.h5"
"20191113","MW70-2601","5","C3","94","0.1","uM",1.37196566418005,6.42,0.0418862836634807,78.083,0.344,6.9145,4,2,0,NA,NA,0,NA,NA,NA,0.00274619448118014,"NFA_20191113_MW70-2601_05_00_000.h5"
"20191113","MW70-2601","5","C4","94","0.3","uM",0.325560590892695,1.74,0.0172372307692303,97.611,0.172,34.586,1,1,0,NA,NA,0,NA,NA,NA,0,"NFA_20191113_MW70-2601_05_00_000.h5"
"20191113","MW70-2601","5","C5","94","1","uM",0.470840615668189,1.755,0.0772235390946506,43.517,0.383,8.74,4,1,0,NA,NA,0,NA,NA,NA,-0.00113957839754014,"NFA_20191113_MW70-2601_05_00_000.h5"
"20191113","MW70-2601","5","C7","94","10","uM",0.111668393804491,0,NA,0,NA,NA,2,0,0,NA,NA,0,NA,NA,NA,-0.00111726172932551,"NFA_20191113_MW70-2601_05_00_000.h5"
"20191113","MW70-2601","5","D1","Loperamide","0.03","uM",0.532230454053245,0.06,NA,0,NA,NA,1,0,0,NA,NA,0,NA,NA,NA,0,"NFA_20191113_MW70-2601_05_00_000.h5"
"20191113","MW70-2601","5","D2","Loperamide","0","uM",0.172595262065979,0.02,NA,0,NA,NA,3,0,0,NA,NA,0,NA,NA,NA,-0.00164351724236296,"NFA_20191113_MW70-2601_05_00_000.h5"
"20191113","MW70-2601","5","D3","Loperamide","0.1","uM",0.114446214545896,0,NA,0,NA,NA,1,0,0,NA,NA,0,NA,NA,NA,0,"NFA_20191113_MW70-2601_05_00_000.h5"
"20191113","MW70-2601","5","D5","Loperamide","1","uM",0.0900013920215299,0.18,NA,0,NA,NA,1,0,0,NA,NA,0,NA,NA,NA,0,"NFA_20191113_MW70-2601_05_00_000.h5"
"20191113","MW70-2601","5","E3","99","0.1","uM",0.447229139366244,0,NA,0,NA,NA,2,0,0,NA,NA,0,NA,NA,NA,0.000656716989421178,"NFA_20191113_MW70-2601_05_00_000.h5"
"20191113","MW70-2601","5","E4","99","0.3","uM",1.34835418787811,1.59,0.0782291891891894,24.742,0.413,18.413,2,1,0,NA,NA,0,NA,NA,NA,-0.00506252579113653,"NFA_20191113_MW70-2601_05_00_000.h5"
"20191113","MW70-2601","5","E5","99","1","uM",0.183891733081027,0.18,NA,0,NA,NA,2,0,0,NA,NA,0,NA,NA,NA,-0.00180903053536992,"NFA_20191113_MW70-2601_05_00_000.h5"
"20191113","MW70-2601","5","E6","99","3","uM",1.6026173797414,2.44,0.152067037974683,22.671,1.166,7.531,3,1,0,NA,NA,0,NA,NA,NA,0.000222090027143135,"NFA_20191113_MW70-2601_05_00_000.h5"
"20191113","MW70-2601","5","F2","100","0","uM",0.310004794740825,0,NA,0,NA,NA,1,0,0,NA,NA,0,NA,NA,NA,0,"NFA_20191113_MW70-2601_05_00_000.h5"
"20191113","MW70-2601","5","F5","100","0.86","uM",1.84336184399652,2.58,0.194862702702704,15.732,1.109,16.441,1,1,0,NA,NA,0,NA,NA,NA,0,"NFA_20191113_MW70-2601_05_00_000.h5"
"20191113","MW70-2601","5","F6","100","2.57","uM",0.742789266251763,0.06,NA,0,NA,NA,2,0,0,NA,NA,0,NA,NA,NA,0.00575784144302279,"NFA_20191113_MW70-2601_05_00_000.h5"
"20191113","MW70-2601","05","A2","97","0","uM",0,0,NA,0,NA,NA,0,0,0,NA,NA,0,NA,NA,NA,0,"NFA_20191113_MW70-2601_05_00_000.h5"
"20191113","MW70-2601","05","A4","97","0.29","uM",0,0,NA,0,NA,NA,0,0,0,NA,NA,0,NA,NA,NA,0,"NFA_20191113_MW70-2601_05_00_000.h5"
"20191113","MW70-2601","05","A7","97","9.51","uM",0,0,NA,0,NA,NA,0,0,0,NA,NA,0,NA,NA,NA,0,"NFA_20191113_MW70-2601_05_00_000.h5"
"20191113","MW70-2601","05","B8","93","30","uM",0,0,NA,0,NA,NA,0,0,0,NA,NA,0,NA,NA,NA,0,"NFA_20191113_MW70-2601_05_00_000.h5"
"20191113","MW70-2601","05","C1","94","0.03","uM",0,0,NA,0,NA,NA,0,0,0,NA,NA,0,NA,NA,NA,0,"NFA_20191113_MW70-2601_05_00_000.h5"
"20191113","MW70-2601","05","C6","94","3","uM",0,0,NA,0,NA,NA,0,0,0,NA,NA,0,NA,NA,NA,0,"NFA_20191113_MW70-2601_05_00_000.h5"
"20191113","MW70-2601","05","C8","94","30","uM",0,0,NA,0,NA,NA,0,0,0,NA,NA,0,NA,NA,NA,0,"NFA_20191113_MW70-2601_05_00_000.h5"
"20191113","MW70-2601","05","D4","Loperamide","0.3","uM",0,0,NA,0,NA,NA,0,0,0,NA,NA,0,NA,NA,NA,0,"NFA_20191113_MW70-2601_05_00_000.h5"
"20191113","MW70-2601","05","D6","Loperamide","3","uM",0,0,NA,0,NA,NA,0,0,0,NA,NA,0,NA,NA,NA,0,"NFA_20191113_MW70-2601_05_00_000.h5"
"20191113","MW70-2601","05","D7","Loperamide","10","uM",0,0,NA,0,NA,NA,0,0,0,NA,NA,0,NA,NA,NA,0,"NFA_20191113_MW70-2601_05_00_000.h5"
"20191113","MW70-2601","05","D8","Loperamide","30","uM",0,0,NA,0,NA,NA,0,0,0,NA,NA,0,NA,NA,NA,0,"NFA_20191113_MW70-2601_05_00_000.h5"
"20191113","MW70-2601","05","E1","99","0.03","uM",0,0,NA,0,NA,NA,0,0,0,NA,NA,0,NA,NA,NA,0,"NFA_20191113_MW70-2601_05_00_000.h5"
"20191113","MW70-2601","05","E2","99","0","uM",0,0,NA,0,NA,NA,0,0,0,NA,NA,0,NA,NA,NA,0,"NFA_20191113_MW70-2601_05_00_000.h5"
"20191113","MW70-2601","05","E7","99","10","uM",0,0,NA,0,NA,NA,0,0,0,NA,NA,0,NA,NA,NA,0,"NFA_20191113_MW70-2601_05_00_000.h5"
"20191113","MW70-2601","05","E8","99","30","uM",0,0,NA,0,NA,NA,0,0,0,NA,NA,0,NA,NA,NA,0,"NFA_20191113_MW70-2601_05_00_000.h5"
"20191113","MW70-2601","05","F1","100","0.03","uM",0,0,NA,0,NA,NA,0,0,0,NA,NA,0,NA,NA,NA,0,"NFA_20191113_MW70-2601_05_00_000.h5"
"20191113","MW70-2601","05","F3","100","0.09","uM",0,0,NA,0,NA,NA,0,0,0,NA,NA,0,NA,NA,NA,0,"NFA_20191113_MW70-2601_05_00_000.h5"
"20191113","MW70-2601","05","F4","100","0.26","uM",0,0,NA,0,NA,NA,0,0,0,NA,NA,0,NA,NA,NA,0,"NFA_20191113_MW70-2601_05_00_000.h5"
"20191113","MW70-2601","05","F7","100","8.57","uM",0,0,NA,0,NA,NA,0,0,0,NA,NA,0,NA,NA,NA,0,"NFA_20191113_MW70-2601_05_00_000.h5"
"20191113","MW70-2601","05","F8","100","25.71","uM",0,0,NA,0,NA,NA,0,0,0,NA,NA,0,NA,NA,NA,0,"NFA_20191113_MW70-2601_05_00_000.h5"
"20191113","MW70-2601","7","A1","97","0.03","uM",1.28699865576895,2.41714285714286,0.129745608824832,27.6393333333333,0.912666666666667,20.052,7,3,2,8.5,0.266458333333333,0.301640926640927,236.05,0.000294627825494127,12.5,0.00639658800917969,"NFA_20191113_MW70-2601_07_00_000.h5"
"20191113","MW70-2601","7","A2","97","0","uM",1.18501337748435,1.215,0.0946639928562966,28.5785,0.601,62.376,8,4,7,11.1428571428571,0.155962301587302,1.35010385414263,136.183333333333,0.0280206520076349,16.7142857142857,0.0199637150341057,"NFA_20191113_MW70-2601_07_00_000.h5"
"20191113","MW70-2601","7","A3","97","0.1","uM",0.947927367713396,2.46,0.0875300369515601,51.87325,0.70475,32.23775,8,4,2,11,0.225208333333333,1.05111591072714,302.8,0.0262218764690014,36.5,0.0130409600320303,"NFA_20191113_MW70-2601_07_00_000.h5"
"20191113","MW70-2601","7","A4","97","0.29","uM",1.24279180751641,0.57,0.124340125786164,6.149,0.638,27.566,4,1,0,NA,NA,0,NA,NA,NA,0.00859837262374376,"NFA_20191113_MW70-2601_07_00_000.h5"
"20191113","MW70-2601","7","A5","97","0.95","uM",1.28395388835218,1.23818181818182,0.0702972073988438,23.0598571428571,0.416571428571429,60.2797142857143,11,7,9,12,0.175332892416226,1.13468562990596,99.1375,0.0391544898552357,16.2222222222222,0.0154480425988248,"NFA_20191113_MW70-2601_07_00_000.h5"
"20191113","MW70-2601","7","A6","97","2.85","uM",1.77240096081847,2.39142857142857,0.0931000007172554,19.75675,0.7665,46.15275,7,4,3,12,0.147420634920635,0.897697982401564,200.825,0.0356016743132648,33.6666666666667,0.0142899829297936,"NFA_20191113_MW70-2601_07_00_000.h5"
"20191113","MW70-2601","7","A7","97","9.51","uM",0.183890964813558,0,NA,0,NA,NA,2,0,4,13.5,0.125823412698413,12.292817679558,271.566666666667,0.00991763843635127,22.25,0.00561979246823905,"NFA_20191113_MW70-2601_07_00_000.h5"
"20191113","MW70-2601","7","A8","97","28.54","uM",0.962603459316089,0.266666666666667,0.152306993762994,43.556,10.466,15.036,9,1,0,NA,NA,0,NA,NA,NA,-0.00036501558972998,"NFA_20191113_MW70-2601_07_00_000.h5"
"20191113","MW70-2601","7","B1","93","0.03","uM",1.07080573900066,2.53714285714286,0.113249762585721,37.8156666666667,0.785,19.7773333333333,7,3,4,11,0.228571428571429,0.904652498564044,132.3,0.0580288457473997,15.75,0.0323648576227543,"NFA_20191113_MW70-2601_07_00_000.h5"
"20191113","MW70-2601","7","B2","93","0","uM",0.893590334555579,2.24666666666667,0.0509570591088488,54.9885,0.444,32.2415,9,2,3,12.6666666666667,0.219791666666667,1.40388768898488,208.95,0.0214351726861813,34.6666666666667,0.0283795436575122,"NFA_20191113_MW70-2601_07_00_000.h5"
"20191113","MW70-2601","7","B3","93","0.1","uM",0.438338281685491,0.36,0.0265746031746034,42.5,0.335,84.986,6,1,6,12.1666666666667,0.120727813852814,8.85478158205431,153.61,0.018883807652219,37.5,0.0632203664926187,"NFA_20191113_MW70-2601_07_00_000.h5"
"20191113","MW70-2601","7","B4","93","0.3","uM",0.684118834052616,0.69,0.0247386339249866,60.4037777777778,0.296333333333333,75.9747777777778,10,10,12,13.25,0.182527281746032,10.5032136698542,72.8681818181818,0.0697667334688401,55.8333333333333,0.152099665424174,"NFA_20191113_MW70-2601_07_00_000.h5"
"20191113","MW70-2601","7","B5","93","1","uM",0.875120990254734,2.748,0.0719495125060647,46.335,0.4235,16.276,5,2,4,15,0.137329545454545,3.67423355956003,219.1,0.0143309860710703,39.25,0.0425420419643968,"NFA_20191113_MW70-2601_07_00_000.h5"
"20191113","MW70-2601","7","B6","93","3","uM",0.660007450750777,0.92,0.0309606341244963,54.6865,0.2845,47.6875,3,2,2,7.5,0.16,1.0989010989011,121.4,0.109601551083915,12,0.0483775849768965,"NFA_20191113_MW70-2601_07_00_000.h5"
"20191113","MW70-2601","7","B7","93","10","uM",0.880565496161601,0.3,0.0507193384615385,14.476,0.4095,79.1935,4,2,0,NA,NA,0,NA,NA,NA,0.00348360687477878,"NFA_20191113_MW70-2601_07_00_000.h5"
"20191113","MW70-2601","7","B8","93","30","uM",0.428338168795328,0.51,0.0687064788732382,25.672,0.325,59.84,2,1,0,NA,NA,0,NA,NA,NA,-0.00426473722930226,"NFA_20191113_MW70-2601_07_00_000.h5"
"20191113","MW70-2601","7","C1","94","0.03","uM",0.731278096587021,0.128571428571429,NA,0,NA,NA,7,0,0,NA,NA,0,NA,NA,NA,0.005438173781016,"NFA_20191113_MW70-2601_07_00_000.h5"
"20191113","MW70-2601","7","C2","94","0","uM",0.290669948007413,0.36,0.0468295103873056,95.5825,0.406,63.1135,5,2,3,12.6666666666667,0.127176527176527,6.74232309746328,252.775,0.00927692074451078,33.6666666666667,0.0537994566864001,"NFA_20191113_MW70-2601_07_00_000.h5"
"20191113","MW70-2601","7","C3","94","0.1","uM",0.837370564094368,0.3,0.0467434335839599,20.772,0.231,76.5765,8,2,1,15,0.21875,1.04540999673309,NA,NA,64,0.008836472910318,"NFA_20191113_MW70-2601_07_00_000.h5"
"20191113","MW70-2601","7","C4","94","0.3","uM",1.05945640453008,0.165,NA,0,NA,NA,4,0,0,NA,NA,0,NA,NA,NA,0.00299898040146549,"NFA_20191113_MW70-2601_07_00_000.h5"
"20191113","MW70-2601","7","C5","94","1","uM",0.171529714157662,0.09,NA,0,NA,NA,8,0,1,14,0.24375,4.20044215180545,NA,NA,57,0.0423036256901001,"NFA_20191113_MW70-2601_07_00_000.h5"
"20191113","MW70-2601","7","C6","94","3","uM",0.982011085814035,0.12,NA,0,NA,NA,5,0,2,15,0.157916666666667,2.11493270668661,511.75,0.0182669251806519,49.5,0.0353514892177994,"NFA_20191113_MW70-2601_07_00_000.h5"
"20191113","MW70-2601","7","C7","94","10","uM",0.172224166441701,0.12,NA,0,NA,NA,2,0,2,11.5,0.1075,9.26724137931035,300.2,0.00117851130197801,21.5,0.0181846790598537,"NFA_20191113_MW70-2601_07_00_000.h5"
"20191113","MW70-2601","7","D1","Loperamide","0.03","uM",0.101112252556096,0,NA,0,NA,NA,1,0,0,NA,NA,0,NA,NA,NA,0,"NFA_20191113_MW70-2601_07_00_000.h5"
"20191113","MW70-2601","7","D2","Loperamide","0","uM",0.720841470832604,0.39,0.0912648754274547,8.704,0.7175,76.7695,8,2,4,14.75,0.169107142857143,3.6734693877551,202.133333333333,0.0261999892535451,49.5,0.0441174826497609,"NFA_20191113_MW70-2601_07_00_000.h5"
"20191113","MW70-2601","7","D3","Loperamide","0.1","uM",0.142964576874186,0.14,NA,0,NA,NA,3,0,2,14,0.2075,13.8528138528139,241.6,0.0671751442127222,48,0.0615362590865725,"NFA_20191113_MW70-2601_07_00_000.h5"
"20191113","MW70-2601","7","D4","Loperamide","0.3","uM",0.187779897604177,0.06,NA,0,NA,NA,1,0,0,NA,NA,0,NA,NA,NA,0,"NFA_20191113_MW70-2601_07_00_000.h5"
"20191113","MW70-2601","7","E2","99","0","uM",0.130001467572123,0.27,0.0382588888888869,62.016,0.344,105.177,2,2,6,7.16666666666667,0.145486111111111,18.1132075471698,147.73,0.0393615864865829,16,0.00750554042572772,"NFA_20191113_MW70-2601_07_00_000.h5"
"20191113","MW70-2601","7","E3","99","0.1","uM",1.95605382770607,0.702857142857143,0.0833928030888535,41.431,19.97,28.505,7,3,4,12.25,0.193117559523809,1.46639188332276,234.216666666667,0.0142735020345966,46.25,0.0276856612837995,"NFA_20191113_MW70-2601_07_00_000.h5"
"20191113","MW70-2601","7","E4","99","0.3","uM",0.383198770332785,0.495,0.0387109444614973,27.4876,0.3456,99.2154,8,5,7,11,0.142882653061225,6.23297002724796,120.566666666667,0.0368230318936745,26.1428571428571,0.0417886819554801,"NFA_20191113_MW70-2601_07_00_000.h5"
"20191113","MW70-2601","7","E5","99","1","uM",1.20445804143745,1.95428571428571,0.0981840173563519,25.2563333333333,0.916666666666667,31.9843333333333,7,3,3,12,0.23375,2.39907132722817,289.4,0.0857594746952195,62,0.059701036209593,"NFA_20191113_MW70-2601_07_00_000.h5"
"20191113","MW70-2601","7","E6","99","3","uM",0.310003499595062,0.72,0.0444354388597145,49.0955,0.307,88.545,2,2,0,NA,NA,0,NA,NA,NA,0.0787577882270442,"NFA_20191113_MW70-2601_07_00_000.h5"
"20191113","MW70-2601","7","E7","99","10","uM",1.43001614329335,0.54,0.116097599999998,2.516,0.58,39.681,2,1,0,NA,NA,0,NA,NA,NA,-6.58474686971981e-06,"NFA_20191113_MW70-2601_07_00_000.h5"
"20191113","MW70-2601","7","E8","99","30","uM",0.711119138856056,0.21,NA,0,NA,NA,2,0,0,NA,NA,0,NA,NA,NA,0.00456712031039849,"NFA_20191113_MW70-2601_07_00_000.h5"
"20191113","MW70-2601","7","F1","100","0.03","uM",0.645192468691276,0.02,NA,0,NA,NA,3,0,0,NA,NA,0,NA,NA,NA,-5.24550521766781e-05,"NFA_20191113_MW70-2601_07_00_000.h5"
"20191113","MW70-2601","7","F2","100","0","uM",0.703341273274818,2.1,0.0482376799140704,83.404,0.761,12.998,2,1,0,NA,NA,0,NA,NA,NA,0.000693010268957932,"NFA_20191113_MW70-2601_07_00_000.h5"
"20191113","MW70-2601","7","F3","100","0.09","uM",0.250002822254082,0.18,NA,0,NA,NA,3,0,3,9,0.218055555555555,6.20525059665871,238.125,0.0535353163116889,17.3333333333333,0.0477719264484169,"NFA_20191113_MW70-2601_07_00_000.h5"
"20191113","MW70-2601","7","F4","100","0.26","uM",2.33145489096379,3.62571428571429,0.150976595977532,21.91775,1.1145,22.97425,7,4,3,13.6666666666667,0.181845238095238,0.667655786350148,285.5,0.0723091798367411,33,0.016918107058889,"NFA_20191113_MW70-2601_07_00_000.h5"
"20191113","MW70-2601","7","F5","100","0.86","uM",0.44667170909396,0.72,0.0668368897522342,33.4166666666667,0.374666666666667,60.4883333333333,5,3,3,9,0.208888888888889,2.10703750526759,209.325,0.0525550857390323,16.6666666666667,0.00943540545343514,"NFA_20191113_MW70-2601_07_00_000.h5"
"20191113","MW70-2601","7","F6","100","2.57","uM",0.521672555770185,2.085,0.0197516907085815,91.02075,0.1975,38.92575,4,4,0,NA,NA,0,NA,NA,NA,0.00344715470548889,"NFA_20191113_MW70-2601_07_00_000.h5"
"20191113","MW70-2601","07","C8","94","30","uM",0,0,NA,0,NA,NA,0,0,0,NA,NA,0,NA,NA,NA,0,"NFA_20191113_MW70-2601_07_00_000.h5"
"20191113","MW70-2601","07","D5","Loperamide","1","uM",0,0,NA,0,NA,NA,0,0,0,NA,NA,0,NA,NA,NA,0,"NFA_20191113_MW70-2601_07_00_000.h5"
"20191113","MW70-2601","07","D6","Loperamide","3","uM",0,0,NA,0,NA,NA,0,0,0,NA,NA,0,NA,NA,NA,0,"NFA_20191113_MW70-2601_07_00_000.h5"
"20191113","MW70-2601","07","D7","Loperamide","10","uM",0,0,NA,0,NA,NA,0,0,0,NA,NA,0,NA,NA,NA,0,"NFA_20191113_MW70-2601_07_00_000.h5"
"20191113","MW70-2601","07","D8","Loperamide","30","uM",0,0,NA,0,NA,NA,0,0,0,NA,NA,0,NA,NA,NA,0,"NFA_20191113_MW70-2601_07_00_000.h5"
"20191113","MW70-2601","07","E1","99","0.03","uM",0,0,NA,0,NA,NA,0,0,0,NA,NA,0,NA,NA,NA,0,"NFA_20191113_MW70-2601_07_00_000.h5"
"20191113","MW70-2601","07","F7","100","8.57","uM",0,0,NA,0,NA,NA,0,0,0,NA,NA,0,NA,NA,NA,0,"NFA_20191113_MW70-2601_07_00_000.h5"
"20191113","MW70-2601","07","F8","100","25.71","uM",0,0,NA,0,NA,NA,0,0,0,NA,NA,0,NA,NA,NA,0,"NFA_20191113_MW70-2601_07_00_000.h5"
"20191113","MW70-2601","9","A1","97","0.03","uM",2.62342218901438,3.48,0.0618781931561049,55.6679166666667,2.36416666666667,38.41325,12,12,10,14.2,0.36811056998557,3.65007222633266,70.3888888888889,0.0762569179758694,103.6,0.118223983397953,"NFA_20191113_MW70-2601_09_00_000__000.h5"
"20191113","MW70-2601","9","A2","97","0","uM",2.33499048787269,3.04615384615385,0.0465211510512316,54.7750769230769,1.15823076923077,43.5426923076923,13,13,13,14.3076923076923,0.34069388944389,3.85218120193885,64.9208333333333,0.0517914060233873,81.3076923076923,0.144884281112819,"NFA_20191113_MW70-2601_09_00_000__000.h5"
"20191113","MW70-2601","9","A3","97","0.1","uM",1.88617357172658,2.444,0.0397077034255921,50.506,0.867466666666667,56.9449333333333,15,15,9,15,0.484636243386244,3.9765806122048,95.4,0.107065688723428,112.444444444444,0.135667978430695,"NFA_20191113_MW70-2601_09_00_000__000.h5"
"20191113","MW70-2601","9","A4","97","0.29","uM",1.62774228596906,2.93142857142857,0.0582834997231161,50.4835,0.6835,43.1925,7,6,8,8,0.2715625,4.40233236151604,97.8928571428571,0.0808001128348654,56.625,0.097411463053346,"NFA_20191113_MW70-2601_09_00_000__000.h5"
"20191113","MW70-2601","9","A5","97","0.95","uM",1.98591030787742,3.25125,0.0405767219941973,68.7353125,0.9340625,56.945625,16,16,12,15.3333333333333,0.318779761904762,5.50715510304048,73.7318181818182,0.0612559894252464,131.166666666667,0.191833619590837,"NFA_20191113_MW70-2601_09_00_000__000.h5"
"20191113","MW70-2601","9","A6","97","2.85","uM",1.41627396186253,2.01857142857143,0.036619479336524,55.3939285714286,0.803285714285714,61.5532857142857,14,14,10,14.7,0.283272817460317,4.59280833426683,86.1222222222222,0.0668622287899354,82,0.170297528584673,"NFA_20191113_MW70-2601_09_00_000__000.h5"
"20191113","MW70-2601","9","A7","97","9.51","uM",0.986574244828694,1.015,0.0488015268268093,48.07875,0.713,52.29525,12,4,5,16,0.41907967032967,5.37387470145141,172.25,0.05960266719234,117,0.146746557985502,"NFA_20191113_MW70-2601_09_00_000__000.h5"
"20191113","MW70-2601","9","A8","97","28.54","uM",2.35696867990988,1.62923076923077,0.0780902970254426,38.357375,11.43425,44.753375,13,8,6,14.5,0.250902777777778,1.04712041884817,120.55,0.0209669327398769,48.3333333333333,0.0257276180857986,"NFA_20191113_MW70-2601_09_00_000__000.h5"
"20191113","MW70-2601","9","B1","93","0.03","uM",1.51110760037762,0.650769230769231,0.0505578339151087,24.148,0.853,54.9443333333333,13,3,6,14.5,0.390073641636142,3.21181044683608,164.04,0.0438022258215177,95,0.244657031361449,"NFA_20191113_MW70-2601_09_00_000__000.h5"
"20191113","MW70-2601","9","B2","93","0","uM",1.17288289412445,2.12571428571429,0.0649355246778244,52.5273333333333,0.7755,42.156,14,6,7,15.2857142857143,0.370279195011338,5.74642953381838,128.583333333333,0.109198443478612,121.857142857143,0.151597334471772,"NFA_20191113_MW70-2601_09_00_000__000.h5"
"20191113","MW70-2601","9","B3","93","0.1","uM",0.856752440400047,1.77428571428571,0.0588263115365849,41.8606,0.6794,28.0742,14,5,4,15,0.340907738095238,4.64642724916698,168.633333333333,0.0581145755409614,125.5,0.153240272781858,"NFA_20191113_MW70-2601_09_00_000__000.h5"
"20191113","MW70-2601","9","B4","93","0.3","uM",1.11006973439172,0.96375,0.0241200542465732,80.91125,0.8505625,72.32525,16,16,12,15.3333333333333,0.3081488997114,9.85853780671007,68.1909090909091,0.151422760181339,131.25,0.367257393461823,"NFA_20191113_MW70-2601_09_00_000__000.h5"
"20191113","MW70-2601","9","B5","93","1","uM",0.946574861768803,1.48125,0.0350881748066849,80.04825,0.889,61.419125,16,16,12,16,0.157981659544159,10.746531600969,76.6090909090909,0.0179502871189263,122,0.324812859812229,"NFA_20191113_MW70-2601_09_00_000__000.h5"
"20191113","MW70-2601","9","B6","93","3","uM",0.600616098152355,0.86,0.0392788969994476,60.9030833333333,0.723166666666667,100.0415,12,12,10,14.1,0.231135094072594,12.0006030453792,85.5055555555556,0.0678341951872683,79.6,0.219043850758712,"NFA_20191113_MW70-2601_09_00_000__000.h5"
"20191113","MW70-2601","9","B7","93","10","uM",0.701645228961416,0.39,0.0237624390243901,32.216,0.433,101.273,8,1,6,13.5,0.211690566378066,5.99387207966296,131.6,0.0430744414772337,52.1666666666667,0.106565415943831,"NFA_20191113_MW70-2601_09_00_000__000.h5"
"20191113","MW70-2601","9","B8","93","30","uM",0.646104684330483,1.72,0.0474665589660738,97.549,0.379,5.424,6,1,0,NA,NA,0,NA,NA,NA,-0.00178979241825548,"NFA_20191113_MW70-2601_09_00_000__000.h5"
"20191113","MW70-2601","9","C1","94","0.03","uM",1.69052490346716,1.38923076923077,0.0852605654885874,46.9664285714286,4.53128571428571,51.3148571428571,13,7,4,16,0.424018065268065,2.30127625364285,144.216666666667,0.113894971361684,114.5,0.145441308665555,"NFA_20191113_MW70-2601_09_00_000__000.h5"
"20191113","MW70-2601","9","C2","94","0","uM",0.495167811415195,0.612,0.0276334490223353,78.21075,0.55075,59.18975,15,4,6,16,0.174337121212121,11.4174988820987,125.02,0.0256093050636139,127.666666666667,0.355808746978529,"NFA_20191113_MW70-2601_09_00_000__000.h5"
"20191113","MW70-2601","9","C3","94","0.1","uM",0.448794467603663,0.78375,0.0391187021657088,69.471,0.626333333333333,43.441,16,3,5,16,0.180070512820513,10.0944418640656,206.3,0.0108350969585531,130.4,0.306497008452274,"NFA_20191113_MW70-2601_09_00_000__000.h5"
"20191113","MW70-2601","9","C4","94","0.3","uM",0.340747494833312,0.37125,0.0764359420289853,74.5,0.959,19.835,16,1,3,16,0.171182336182336,10.4812398042414,250.95,0.00912434028322144,171.333333333333,0.514884172472836,"NFA_20191113_MW70-2601_09_00_000__000.h5"
"20191113","MW70-2601","9","C5","94","1","uM",0.908032852337836,1.59692307692308,0.0859088834307816,75.0075,2.236,27.55275,13,4,8,12.875,0.292633928571428,7.23948129489691,116.721428571429,0.191369038361845,97,0.242728632271062,"NFA_20191113_MW70-2601_09_00_000__000.h5"
"20191113","MW70-2601","9","C6","94","3","uM",0.495316043060581,0.508,0.0221118522384938,74.0431428571429,0.824285714285714,120.268285714286,15,7,7,15,0.321090367965368,15.8461768666766,141.275,0.243186482108849,151.285714285714,0.383348363155821,"NFA_20191113_MW70-2601_09_00_000__000.h5"
"20191113","MW70-2601","9","C7","94","10","uM",0.447633099131992,0.411428571428571,0.0642910798812028,35.4645,0.5065,49.633,14,2,3,16,0.271129148629149,8.41679845369882,252.75,0.0192172089637468,159.666666666667,0.249837841743989,"NFA_20191113_MW70-2601_09_00_000__000.h5"
"20191113","MW70-2601","9","D1","Loperamide","0.03","uM",0.155643227656325,0,NA,0,NA,NA,1,0,0,NA,NA,0,NA,NA,NA,0,"NFA_20191113_MW70-2601_09_00_000__000.h5"
"20191113","MW70-2601","9","D2","Loperamide","0","uM",0.578659285679409,0.728571428571429,0.0229482491757329,80.3572142857143,0.786571428571429,90.9917142857143,14,14,8,16,0.267802284521035,18.3070068853787,107.3,0.184401810892964,169.5,0.386964001526612,"NFA_20191113_MW70-2601_09_00_000__000.h5"
"20191113","MW70-2601","9","D3","Loperamide","0.1","uM",0.227602953689639,0.245454545454545,0.0302180952380957,53.719,0.952,85.41,11,1,3,15,0.161607142857143,12.4644742184328,299.725,0.00497121818109819,102.333333333333,0.410804880745576,"NFA_20191113_MW70-2601_09_00_000__000.h5"
"20191113","MW70-2601","9","D4","Loperamide","0.3","uM",0.249534499404849,0.278181818181818,0.0251959183673472,91.892,0.617,126.949,11,1,3,14,0.379748677248677,13.5218907400232,199.575,0.0210361006772652,116.333333333333,0.423004627808205,"NFA_20191113_MW70-2601_09_00_000__000.h5"
"20191113","MW70-2601","9","D5","Loperamide","1","uM",0.380214170417594,0,NA,0,NA,NA,1,0,0,NA,NA,0,NA,NA,NA,0,"NFA_20191113_MW70-2601_09_00_000__000.h5"
"20191113","MW70-2601","9","E1","99","0.03","uM",0.814236428110661,0.336,NA,0,NA,NA,5,0,5,12.6,0.251742424242424,5.58185895838525,136.65,0.0278288876187087,44.8,0.171611642244742,"NFA_20191113_MW70-2601_09_00_000__000.h5"
"20191113","MW70-2601","9","E2","99","0","uM",0.38055624344541,0.498461538461538,0.029151051551321,81.5733636363636,0.563727272727273,108.692363636364,13,11,8,13.875,0.316687748015873,13.6952636282395,114.921428571429,0.0683480701991219,76.625,0.230569888703545,"NFA_20191113_MW70-2601_09_00_000__000.h5"
"20191113","MW70-2601","9","E3","99","0.1","uM",0.970268763836127,1.96875,0.0655644277208541,60.6054,0.8576,21.9594,16,5,5,16,0.456670634920635,5.865081638499,156.2125,0.106760860405688,163.8,0.194263335765927,"NFA_20191113_MW70-2601_09_00_000__000.h5"
"20191113","MW70-2601","9","E4","99","0.3","uM",1.80751387898027,2.28461538461538,0.0451667620906517,56.5016153846154,0.872461538461539,54.3493076923077,13,13,9,13,0.399857804232804,4.31018168054504,87.1625,0.0954629991612913,101.222222222222,0.156887110270161,"NFA_20191113_MW70-2601_09_00_000__000.h5"
"20191113","MW70-2601","9","E5","99","1","uM",1.11890186992936,1.18,0.0389766145951221,62.596,0.910444444444445,72.9664444444444,9,9,9,8.55555555555556,0.218101851851852,6.74375878093591,93.65625,0.0943793944688598,69.3333333333333,0.195937544728393,"NFA_20191113_MW70-2601_09_00_000__000.h5"
"20191113","MW70-2601","9","E6","99","3","uM",1.58867265943492,0.75,0.0571563398692806,50.3635,0.546,82.4415,2,2,0,NA,NA,0,NA,NA,NA,0.0527104639493781,"NFA_20191113_MW70-2601_09_00_000__000.h5"
"20191113","MW70-2601","9","E8","99","30","uM",1.22513454912336,0.42,NA,0,NA,NA,1,0,0,NA,NA,0,NA,NA,NA,0,"NFA_20191113_MW70-2601_09_00_000__000.h5"
"20191113","MW70-2601","9","F1","100","0.03","uM",2.19595918162969,0.885,0.0257674610637261,81.9626666666667,0.163,47.7733333333333,4,3,10,6.7,0.188708333333333,2.81428217208034,76.6611111111111,0.0545988633547405,22.7,0.18160414953972,"NFA_20191113_MW70-2601_09_00_000__000.h5"
"20191113","MW70-2601","9","F2","100","0","uM",0.383549382438801,0.8,0.0383366108498005,56.5615,0.314,97.4755,6,7,7,10,0.241329365079365,6.60168365086398,136.816666666667,0.037181765010875,21.2857142857143,0.134059625092259,"NFA_20191113_MW70-2601_09_00_000__000.h5"
"20191113","MW70-2601","9","F3","100","0.09","uM",0.2786418043172,0.561818181818182,0.0311112284729665,92.1048181818182,0.757818181818182,112.730363636364,11,12,8,11.5,0.428668154761905,16.4499121265378,101.142857142857,0.173795265284767,58.5,0.330541955176255,"NFA_20191113_MW70-2601_09_00_000__000.h5"
"20191113","MW70-2601","9","F4","100","0.26","uM",1.26361776475267,1.90153846153846,0.0308914745490756,68.5365384615385,0.752692307692308,85.3141538461538,13,13,8,13,0.465656001984127,6.21151634075377,115.128571428571,0.0765281544878743,114.75,0.243322328840967,"NFA_20191113_MW70-2601_09_00_000__000.h5"
"20191113","MW70-2601","9","F5","100","0.86","uM",0.675473079072778,1.545,0.111075513320031,36.0373333333333,0.773666666666667,38.4113333333333,12,3,5,7.8,0.370416666666667,2.02929713748152,157.9625,0.0777508330189934,30.2,0.0500825274983638,"NFA_20191113_MW70-2601_09_00_000__000.h5"
"20191113","MW70-2601","9","F6","100","2.57","uM",0.362796952084625,0.92,0.0220170575692962,96.559,0.387,58.5395,3,2,0,NA,NA,0,NA,NA,NA,0.105112830542826,"NFA_20191113_MW70-2601_09_00_000__000.h5"
"20191113","MW70-2601","09","C8","94","30","uM",0,0,NA,0,NA,NA,0,0,0,NA,NA,0,NA,NA,NA,0,"NFA_20191113_MW70-2601_09_00_000__000.h5"
"20191113","MW70-2601","09","D6","Loperamide","3","uM",0,0,NA,0,NA,NA,0,0,0,NA,NA,0,NA,NA,NA,0,"NFA_20191113_MW70-2601_09_00_000__000.h5"
"20191113","MW70-2601","09","D7","Loperamide","10","uM",0,0,NA,0,NA,NA,0,0,0,NA,NA,0,NA,NA,NA,0,"NFA_20191113_MW70-2601_09_00_000__000.h5"
"20191113","MW70-2601","09","D8","Loperamide","30","uM",0,0,NA,0,NA,NA,0,0,0,NA,NA,0,NA,NA,NA,0,"NFA_20191113_MW70-2601_09_00_000__000.h5"
"20191113","MW70-2601","09","E7","99","10","uM",0,0,NA,0,NA,NA,0,0,0,NA,NA,0,NA,NA,NA,0,"NFA_20191113_MW70-2601_09_00_000__000.h5"
"20191113","MW70-2601","09","F7","100","8.57","uM",0,0,NA,0,NA,NA,0,0,0,NA,NA,0,NA,NA,NA,0,"NFA_20191113_MW70-2601_09_00_000__000.h5"
"20191113","MW70-2601","09","F8","100","25.71","uM",0,0,NA,0,NA,NA,0,0,0,NA,NA,0,NA,NA,NA,0,"NFA_20191113_MW70-2601_09_00_000__000.h5"
"20191113","MW70-2601","12","A1","97","0.03","uM",3.85026082523185,5.17125,0.0408179210052443,81.0899333333333,3.10833333333333,12.9136,16,15,68,14.2794117647059,0.277633782679739,11.8099155661399,13.2126865671642,0.057704726767419,96.2647058823529,0.256783878066908,"NFA_20191113_MW70-2601_12_00_000.h5"
"20191113","MW70-2601","12","A2","97","0","uM",2.97706823885863,5.504,0.0205379352824723,87.932,0.614533333333333,16.0396666666667,15,15,78,13.1153846153846,0.203822906082521,15.7943135500547,11.2675324675325,0.0749668009341358,81.474358974359,0.417349272951087,"NFA_20191113_MW70-2601_12_00_000.h5"
"20191113","MW70-2601","12","A3","97","0.1","uM",2.37245197590818,4.132,0.0329159513559718,87.5179333333333,1.63606666666667,17.5630666666667,15,15,79,13.873417721519,0.187598725114548,19.3268660906454,11.2442307692308,0.076126897260078,78.4303797468354,0.365512913849923,"NFA_20191113_MW70-2601_12_00_000.h5"
"20191113","MW70-2601","12","A4","97","0.29","uM",3.35164690801466,5.88,0.0315324561753396,74.0615,0.687625,17.16325,8,8,116,6.82758620689655,0.259121510673235,15.1608090185676,7.71434782608696,0.222407064573876,31.5344827586207,0.267781984639255,"NFA_20191113_MW70-2601_12_00_000.h5"
"20191113","MW70-2601","12","A5","97","0.95","uM",3.86484830400248,5.23875,0.0249510308856751,86.44925,4.782875,13.44725,16,16,89,13,0.238554019326491,13.4979690139832,10.0732954545455,0.0670904593560861,84.3820224719101,0.330716707952157,"NFA_20191113_MW70-2601_12_00_000.h5"
"20191113","MW70-2601","12","A6","97","2.85","uM",2.35872585302686,3.18375,0.024280696168871,74.8050625,0.6918125,27.8745,16,16,64,12.5,0.242773888437951,15.0518317823065,13.7626984126984,0.131529812877763,79.859375,0.308043522751756,"NFA_20191113_MW70-2601_12_00_000.h5"
"20191113","MW70-2601","12","A7","97","9.51","uM",1.95215198043391,3.43125,0.0231308441329471,86.8729375,0.661625,19.73625,16,16,50,14.64,0.269634168609169,17.1618688396257,18.0367346938776,0.121439436041869,96.46,0.3912425075526,"NFA_20191113_MW70-2601_12_00_000.h5"
"20191113","MW70-2601","12","A8","97","28.54","uM",2.76682793768149,4.09875,0.0356622948533837,61.89275,2.2103125,26.4495,16,16,29,15.5172413793103,0.370792282430213,8.60887248625443,30.6660714285714,0.0678845740283964,118.241379310345,0.189365674451734,"NFA_20191113_MW70-2601_12_00_000.h5"
"20191113","MW70-2601","12","B1","93","0.03","uM",1.66109704686745,3.55875,0.0272725520454178,84.548125,0.6606875,28.2886875,16,16,41,12.7560975609756,0.227942005487737,14.7074812863296,22.2275,0.123321063893903,85.780487804878,0.293472032862033,"NFA_20191113_MW70-2601_12_00_000.h5"
"20191113","MW70-2601","12","B2","93","0","uM",1.89179686588861,4.972,0.0230442214721511,87.9684,0.490666666666667,21.681,15,15,78,13.6538461538462,0.180563410058602,21.8723104608403,11.3993506493506,0.115745106417967,71.6794871794872,0.359588363199176,"NFA_20191113_MW70-2601_12_00_000.h5"
"20191113","MW70-2601","12","B3","93","0.1","uM",2.53370613408984,6.07125,0.0320837537344796,82.832125,0.6465,20.4545625,16,16,70,13.2857142857143,0.177316055967842,14.2426319396847,12.7869565217391,0.0995780084838741,74.2142857142857,0.261037447857031,"NFA_20191113_MW70-2601_12_00_000.h5"
"20191113","MW70-2601","12","B4","93","0.3","uM",1.52265492691568,2.35125,0.0188653008431681,94.8340666666667,0.678066666666667,24.3982666666667,16,15,35,15.7142857142857,0.234329311561454,24.1286496350365,25.6955882352941,0.143263294087848,151.114285714286,0.469566975073259,"NFA_20191113_MW70-2601_12_00_000.h5"
"20191113","MW70-2601","12","B5","93","1","uM",1.64227225283487,2.25,0.0299625541474375,83.572375,0.9068125,38.1664375,16,16,23,15.0869565217391,0.399029463893594,10.1345063869385,38.9636363636364,0.220879878000304,104.173913043478,0.340485819037606,"NFA_20191113_MW70-2601_12_00_000.h5"
"20191113","MW70-2601","12","B6","93","3","uM",1.00569320306698,1.22,0.0320023044826892,68.0186666666667,0.640666666666667,58.1892666666667,15,15,16,14.625,0.241495986652237,9.78964401294498,56.8966666666667,0.0970746417248422,83.1875,0.25275984844996,"NFA_20191113_MW70-2601_12_00_000.h5"
"20191113","MW70-2601","12","B7","93","10","uM",0.929986503720213,0.7425,0.0348638486633581,54.45775,0.494375,77.8795,8,8,15,13.2666666666667,0.103715788840789,9.13916786226686,54.0535714285714,0.026111174755236,42.4666666666667,0.209253741211074,"NFA_20191113_MW70-2601_12_00_000.h5"
"20191113","MW70-2601","12","B8","93","30","uM",1.96148333590147,3.61,0.0721752355917831,39.287,0.585666666666667,41.9113333333333,6,3,0,NA,NA,0,NA,NA,NA,-0.000498898229768819,"NFA_20191113_MW70-2601_12_00_000.h5"
"20191113","MW70-2601","12","C1","94","0.03","uM",1.31863861668067,2.34,0.0230909509670396,85.7824375,0.6025,28.7695625,16,16,42,14.3333333333333,0.251594443915872,17.5156719169783,20.959756097561,0.170005567476396,79.1666666666667,0.375822876288177,"NFA_20191113_MW70-2601_12_00_000.h5"
"20191113","MW70-2601","12","C2","94","0","uM",1.1867076063008,2.216,0.0220386210320953,78.9088,0.4696,29.3093333333333,15,15,40,13.85,0.246013753607504,21.2400398406375,22.0128205128205,0.159130596106954,85.3,0.344836868949715,"NFA_20191113_MW70-2601_12_00_000.h5"
"20191113","MW70-2601","12","C3","94","0.1","uM",1.00389639615809,1.48875,0.0266048617119905,79.5605625,0.7635625,43.8355,16,16,24,13.5,0.193253528878529,15.5411015776363,36.8021739130435,0.150653588474895,93.5833333333333,0.302127686953789,"NFA_20191113_MW70-2601_12_00_000.h5"
"20191113","MW70-2601","12","C4","94","0.3","uM",0.990281415972166,1.9425,0.0187027475820676,93.0358125,0.513625,33.3229375,16,16,30,15.3666666666667,0.211146242646243,26.6764870931538,29.8344827586207,0.162749431630568,126.766666666667,0.480169232845455,"NFA_20191113_MW70-2601_12_00_000.h5"
"20191113","MW70-2601","12","C5","94","1","uM",0.749324052355145,1.1,0.0247734498258635,87.3672857142857,0.829071428571429,54.5145714285714,15,14,15,13.0666666666667,0.29671614959115,14.0102827763496,50.55,0.160573197619693,94.4666666666667,0.347701345380187,"NFA_20191113_MW70-2601_12_00_000.h5"
"20191113","MW70-2601","12","C6","94","3","uM",0.831273266426616,1.332,0.0285248540973746,87.0076,0.832933333333333,56.5006666666667,15,15,27,10.6666666666667,0.217052168510502,16.6324984401462,31.1519230769231,0.177448374903549,69.1111111111111,0.315671220188037,"NFA_20191113_MW70-2601_12_00_000.h5"
"20191113","MW70-2601","12","C7","94","10","uM",0.970623051724121,1.72125,0.0273271782589263,84.0925625,0.599625,38.32725,16,16,24,14.5833333333333,0.258144465488216,16.4674729836113,37.7847826086957,0.0820837098716825,95.875,0.327662952552415,"NFA_20191113_MW70-2601_12_00_000.h5"
"20191113","MW70-2601","12","D2","Loperamide","0","uM",1.42166326436648,1.852,0.0299448972266695,79.8590666666667,0.901333333333333,47.7492666666667,15,15,22,14.0909090909091,0.203440530429167,13.6120210055634,39.8761904761905,0.148702276286934,119,0.337248223878202,"NFA_20191113_MW70-2601_12_00_000.h5"
"20191113","MW70-2601","12","D3","Loperamide","0.1","uM",0.766259420566004,1.39125,0.0229902504293986,78.9691538461538,0.472307692307692,39.8045384615385,16,13,25,15.16,0.137987057387057,21.6752787598586,36.2895833333333,0.0899651460750237,95.64,0.3689977016666,"NFA_20191113_MW70-2601_12_00_000.h5"
"20191113","MW70-2601","12","D4","Loperamide","0.3","uM",0.556750808800213,0.872,0.0158913507796605,86.3144,0.453066666666667,70.7806,15,15,16,13.1875,0.223104616737429,21.1072664359862,53.53,0.122655424072371,99.125,0.402310504289226,"NFA_20191113_MW70-2601_12_00_000.h5"
"20191113","MW70-2601","12","D5","Loperamide","1","uM",0.345653782679398,0,NA,0,NA,NA,1,0,0,NA,NA,0,NA,NA,NA,0,"NFA_20191113_MW70-2601_12_00_000.h5"
"20191113","MW70-2601","12","E1","99","0.03","uM",1.83992457507873,2.80153846153846,0.0337659568293782,83.2229230769231,1.07515384615385,25.6382307692308,13,13,33,13.6666666666667,0.239628755083301,15.4501272853506,25.85625,0.0491630891034012,101.151515151515,0.332284851726209,"NFA_20191113_MW70-2601_12_00_000.h5"
"20191113","MW70-2601","12","E2","99","0","uM",0.892952169861706,2.37428571428571,0.0249171942315389,83.5556428571429,0.422142857142857,29.8175,14,14,75,10.2,0.156561515336515,28.0999029211897,11.8074324324324,0.0880231975191934,42.4533333333333,0.349575190994722,"NFA_20191113_MW70-2601_12_00_000.h5"
"20191113","MW70-2601","12","E3","99","0.1","uM",3.18831345523998,6.1,0.0403171568048428,76.9902666666667,0.942266666666667,17.8509333333333,15,15,81,13.1975308641975,0.190658031097846,11.0783174529398,10.7575,0.112332712239008,58.8518518518519,0.255069749909746,"NFA_20191113_MW70-2601_12_00_000.h5"
"20191113","MW70-2601","12","E4","99","0.3","uM",2.4924860869351,5.012,0.0308453060521653,74.1419333333333,0.663133333333333,17.6143333333333,15,15,63,12.984126984127,0.28841726505417,12.3695710336217,13.8322580645161,0.306079504863135,66.0476190476191,0.261045794035835,"NFA_20191113_MW70-2601_12_00_000.h5"
"20191113","MW70-2601","12","E5","99","1","uM",1.14304087619882,2.06,0.0222075364998724,88.4603333333333,0.585222222222222,30.5654444444444,9,9,40,8.225,0.195138392857143,23.805433265328,22.1525641025641,0.0799601444455071,55.425,0.409630449501618,"NFA_20191113_MW70-2601_12_00_000.h5"
"20191113","MW70-2601","12","E6","99","3","uM",0.978055719478682,1.2,0.0277789734963578,72.768,0.726625,58.951625,8,8,14,8,0.452363945578231,13.0859375,65.3769230769231,0.11869707416367,67,0.269287672447663,"NFA_20191113_MW70-2601_12_00_000.h5"
"20191113","MW70-2601","12","E7","99","10","uM",1.71204207986927,2.808,0.0317668150155627,61.958,0.5794,42.059,5,5,8,5,0.4,4.66123280692817,81.1428571428572,0.0728868986855662,45.75,0.1719212295474,"NFA_20191113_MW70-2601_12_00_000.h5"
"20191113","MW70-2601","12","E8","99","30","uM",1.44463275474817,2.274,0.0315969064347498,85.5165,0.6788,41.6386,10,10,17,10,0.257023809523809,9.37523896918253,49.696875,0.0718542869197992,72.1176470588235,0.313469315506371,"NFA_20191113_MW70-2601_12_00_000.h5"
"20191113","MW70-2601","12","F1","100","0.03","uM",1.67220359816425,3.42666666666667,0.0343401466112462,73.1491111111111,0.475333333333333,28.8277777777778,9,9,50,9.28,0.210809523809524,19.2090809227389,17.3122448979592,0.071721659134091,52.46,0.301618777203989,"NFA_20191113_MW70-2601_12_00_000.h5"
"20191113","MW70-2601","12","F2","100","0","uM",1.04140705585401,1.89,0.027437391777865,76.4508571428571,0.415785714285714,38.0776428571429,14,14,28,12.6071428571429,0.28389987244898,16.1894608589705,31.8962962962963,0.108112849717414,75.9285714285714,0.306663979280391,"NFA_20191113_MW70-2601_12_00_000.h5"
"20191113","MW70-2601","12","F3","100","0.09","uM",0.835167891711093,1.845,0.0324605007847518,84.211125,0.5946875,33.845,16,16,29,14.6206896551724,0.171184411852515,23.3302836230558,29.1946428571429,0.0485846980133371,96.7241379310345,0.328628841647478,"NFA_20191113_MW70-2601_12_00_000.h5"
"20191113","MW70-2601","12","F4","100","0.26","uM",2.14179383539779,3.476,0.0254750721047571,84.4842,0.729666666666667,20.7528666666667,15,15,58,12.1034482758621,0.196335755958601,12.6236767453124,15.119298245614,0.09841908974156,62.9137931034483,0.335796657021091,"NFA_20191113_MW70-2601_12_00_000.h5"
"20191113","MW70-2601","12","F5","100","0.86","uM",1.71000975629633,4.10142857142857,0.0343557997742638,81.0774285714286,0.617142857142857,20.2305,14,14,91,10.2417582417582,0.252079864579865,15.8274713069234,9.745,0.136104527116087,37.5824175824176,0.253986865500648,"NFA_20191113_MW70-2601_12_00_000.h5"
"20191113","MW70-2601","12","F6","100","2.57","uM",0.902200829871387,2.2125,0.0235184913583519,96.519,0.5125,34.648125,8,8,13,9.15384615384615,0.313333333333333,10.706703063391,66.7291666666667,0.0645899437038337,54.3076923076923,0.268684542642203,"NFA_20191113_MW70-2601_12_00_000.h5"
"20191113","MW70-2601","12","F7","100","8.57","uM",0.293416715843605,1.08,0.05420962566845,58.4,0.317,27.002,2,1,0,NA,NA,0,NA,NA,NA,0.0141824195654605,"NFA_20191113_MW70-2601_12_00_000.h5"
"20191113","MW70-2601","12","C8","94","30","uM",0,0,NA,0,NA,NA,0,0,0,NA,NA,0,NA,NA,NA,0,"NFA_20191113_MW70-2601_12_00_000.h5"
"20191113","MW70-2601","12","D1","Loperamide","0.03","uM",0,0,NA,0,NA,NA,0,0,0,NA,NA,0,NA,NA,NA,0,"NFA_20191113_MW70-2601_12_00_000.h5"
"20191113","MW70-2601","12","D6","Loperamide","3","uM",0,0,NA,0,NA,NA,0,0,0,NA,NA,0,NA,NA,NA,0,"NFA_20191113_MW70-2601_12_00_000.h5"
"20191113","MW70-2601","12","D7","Loperamide","10","uM",0,0,NA,0,NA,NA,0,0,0,NA,NA,0,NA,NA,NA,0,"NFA_20191113_MW70-2601_12_00_000.h5"
"20191113","MW70-2601","12","D8","Loperamide","30","uM",0,0,NA,0,NA,NA,0,0,0,NA,NA,0,NA,NA,NA,0,"NFA_20191113_MW70-2601_12_00_000.h5"
"20191113","MW70-2601","12","F8","100","25.71","uM",0,0,NA,0,NA,NA,0,0,0,NA,NA,0,NA,NA,NA,0,"NFA_20191113_MW70-2601_12_00_000.h5"
