"date","plate.SN","well","treatment","dose","units","NHEERL_MEA_dev_firing_rate_mean","NHEERL_MEA_dev_burst_rate","NHEERL_MEA_dev_per_burst_interspike_interval","NHEERL_MEA_dev_per_burst_spike_percent","NHEERL_MEA_dev_burst_duration_mean","NHEERL_MEA_dev_interburst_interval_mean","NHEERL_MEA_dev_active_electrodes_number","NHEERL_MEA_dev_bursting_electrodes_number","NHEERL_MEA_dev_network_spike_number","NHEERL_MEA_dev_network_spike_peak","NHEERL_MEA_dev_spike_duration_mean","NHEERL_MEA_dev_per_network_spike_spike_percent","NHEERL_MEA_dev_per_network_spike_interspike_interval_mean","NHEERL_MEA_dev_network_spike_duration_std","NHEERL_MEA_dev_per_network_spike_spike_number_mean","NHEERL_MEA_dev_correlation_coefficient_mean","NHEERL_MEA_dev_mutual_information_norm"
"20140205","MW1007-26","A1","Acetaminophen","0.00000","uM",9.654641,17.073214,0.263361,423.71825,4.859116,227.752107,102,92,352,83.436147,1.470189,83.156534,177.031215,0.636203,356.324675,1.599261,0.049872
"20140212","MW1007-27","A1","Acetaminophen","0.00000","uM",10.00903,13.154545,0.397381,222.342286,3.780607,197.528464,79.5,54,548.5,56.543501,0.882171,63.379201,952.631664,0.310229,143.597834,0.653788,0.024226
"20140402","MW1007-27","A1","Acetaminophen","0.00000","uM",10.229088,21.467875,0.319011,574.142248,4.373842,267.093592,116.5,106.5,431.5,98.246456,1.397618,106.810105,99.272744,0.553484,371.316543,2.107717,0.07653
"20140423","MW1007-38","A1","Acetaminophen","0.00000","uM",8.040535,15.409675,0.235936,345.328686,2.483122,164.486083,65.5,50.5,488,52.645556,0.697698,109.604455,219.219792,0.241286,147.153122,1.310437,0.038699
"20140205","MW1007-26","A8","Acetaminophen","0.00000","uM",7.340491,13.703654,0.233511,367.197917,2.874649,215.040951,92.5,82,354,78.628788,1.003392,112.004598,169.58011,0.405387,304.813447,1.617117,0.047749
"20140212","MW1007-27","A8","Acetaminophen","0.00000","uM",4.016808,8.50875,0.318406,144.3315,2.302167,225.652333,40,26,185.5,31.31448,0.412094,37.2105,168.520648,0.100483,74.11991,0.39726,0.006286
"20140402","MW1007-27","A8","Acetaminophen","0.00000","uM",7.724141,15.031374,0.246556,632.660363,4.35906,446.76072,104.5,90,391,95.380977,1.58179,147.490324,363.303262,0.72026,388.641762,2.589068,0.067863
"20140423","MW1007-38","A8","Acetaminophen","0.00000","uM",5.970064,12.123506,0.174856,390.852173,1.566615,246.649288,65,52.5,620.5,54.159982,0.606441,149.711434,156.659266,0.246784,174.800079,1.719964,0.048323
"20140730","MW1007-104","A1","Bisindolymaleimide 1","0.00000","uM",2.325199,6.011538,0.05849,153.364792,0.763958,99.799375,32.5,30,200,23.625,0.288281,68.687052,27.686709,0.097987,94.625,0.748868,0.021177
"20140730","MW1007-104","A8","Bisindolymaleimide 1","0.00000","uM",2.083808,4.025,0.144961,104.573056,1.524167,101.838611,30,22.5,67.5,24.814815,0.338783,19.492269,75.706731,0.085508,65.833333,0.235896,0.003747
"20140205","MW1007-26","B1","Bisindolymaleimide 1","0.00000","uM",14.650192,28.57125,0.559626,493.955844,8.55575,294.005313,108.5,101,522.5,81.298412,1.199672,78.837954,153.46369,0.727972,289.327972,1.582602,0.060432
"20140716","MW1007-26","B1","Bisindolymaleimide 1","0.00000","uM",5.688052,8.354,0.266359,386.49925,2.239214,368.449893,53.5,40.5,180,41.916667,0.483334,69.249283,126.920093,0.107167,138.377778,0.790758,0.018501
"20140212","MW1007-27","B1","Bisindolymaleimide 1","0.00000","uM",8.050419,14.985495,0.550101,221.606575,5.104994,142.562276,69,50.5,747,33.847781,0.429248,73.189577,40.743981,0.2858,77.009631,0.505994,0.022358
"20140402","MW1007-27","B1","Bisindolymaleimide 1","0.00000","uM",7.250382,14.086875,0.349203,537.355938,4.415781,385.04925,121,108.5,306,85.377911,1.10654,141.630557,138.305192,0.388714,436.263625,2.478198,0.07147
"20140423","MW1007-38","B1","Bisindolymaleimide 1","0.00000","uM",2.993079,6.926014,0.120545,247.38576,1.096913,155.595067,51,39.5,233,51.1851,0.730367,111.6202,262.60374,0.231732,149.976959,1.189252,0.020758
"20140716","MW1007-26","B7","Bisindolymaleimide 1","0.00000","uM",0.746891,2.42,0.04741,131.8545,0.540375,24.108,13.5,6,82.5,12.081818,0.190417,32.605583,23.709722,0.048258,24.845455,0.245029,0.003361
"20140205","MW1007-26","B8","Bisindolymaleimide 1","0.00000","uM",14.218766,26.895625,0.494224,399.060388,5.318907,293.032088,85.5,77,343,67.000784,0.967429,69.427816,275.249232,0.353949,196.449458,1.084927,0.028532
"20140212","MW1007-27","B8","Bisindolymaleimide 1","0.00000","uM",10.997324,20.653455,0.523092,271.031089,5.057833,197.602078,61,51,669,40.471154,0.539048,76.004955,122.641226,0.283628,108.889557,0.70133,0.023442
"20140402","MW1007-27","B8","Bisindolymaleimide 1","0.00000","uM",8.417841,17.0175,0.46969,525.4246,5.365777,334.890775,108.5,101.5,426.5,96.669242,1.268836,111.627527,557.426337,0.557345,329.571365,2.033292,0.057815
"20140423","MW1007-38","B8","Bisindolymaleimide 1","0.00000","uM",1.958501,6.1875,0.13836,229.957,0.863,189.532167,25.5,21,121.5,28.744949,0.376161,67.847654,264.7975,0.109395,70.234848,0.814628,0.007232
"20140730","MW1007-104","D1","Bisindolymaleimide 1","0.00000","uM",6.607175,11.9925,0.290218,326.828833,2.396833,247.727167,57.5,48,302.5,31.322314,0.31145,88.657175,18.490625,0.138015,138.429752,1.175148,0.043513
"20140730","MW1007-104","D8","Bisindolymaleimide 1","0.00000","uM",6.752011,12.18474,0.417543,342.23984,4.017699,211.571506,81,53.5,501.5,54.509615,0.664434,58.37448,866.900086,0.226443,98.714744,0.699022,0.020404
"20140716","MW1007-26","E1","Bisindolymaleimide 1","0.00000","uM",8.658992,14.315982,0.278698,314.873583,3.90824,296.181292,78,69.5,364.5,66.215517,0.922645,92.959999,185.796937,0.283147,299.788177,1.203525,0.049921
"20140716","MW1007-26","E7","Bisindolymaleimide 1","0.00000","uM",0,0,0,0,0,0,0,0,0,0,0,0,0,0,0,0,0
"20140205","MW1007-26","C1","Domoic Acid","0.00000","uM",12.203953,25.223269,0.590574,436.498425,5.306199,258.906108,97.5,90.5,433,79.836453,1.051954,109.053815,157.559367,0.469008,274.405058,1.554982,0.048683
"20140212","MW1007-27","C1","Domoic Acid","0.00000","uM",7.2431,11.965,0.325887,348.89275,3.839562,164.489987,65,49,412.5,44.768155,0.575287,73.6154,106.093305,0.218521,135.771726,0.86884,0.022754
"20140402","MW1007-27","C1","Domoic Acid","0.00000","uM",7.482015,18.691875,0.390575,500.587333,4.034802,236.94975,96,80,276.5,82.036325,1.17368,112.065677,220.674703,0.370567,347.070513,1.657334,0.047867
"20140423","MW1007-38","C1","Domoic Acid","0.00000","uM",5.491285,8.125714,0.147937,272.519143,1.452357,223.490571,40.5,27,171.5,28.742476,0.638686,68.216412,151.095699,0.161536,101.115937,1.000273,0.02432
"20140205","MW1007-26","C8","Domoic Acid","0.00000","uM",9.247093,18.675268,0.593093,473.788969,5.160281,218.516063,102,93,335.5,81.563806,1.095799,124.296481,136.898309,0.414286,305.844547,1.824377,0.046315
"20140212","MW1007-27","C8","Domoic Acid","0.00000","uM",3.628437,4.479643,0.052198,66.615107,0.503571,55.075179,35.5,21,76.5,49.168699,0.410241,111.048343,381.5425,0.065929,187.926829,0.75664,0.005758
"20140402","MW1007-27","C8","Domoic Acid","0.00000","uM",10.144372,16.850357,0.345508,514.224195,4.345171,292.126106,104.5,92.5,302,82.974178,1.117369,108.680359,151.73553,0.479988,428.795129,2.057274,0.070309
"20140423","MW1007-38","C8","Domoic Acid","0.00000","uM",3.932386,7.454615,0.116853,248.988286,0.818411,162.113071,46,35.5,217,47.195707,0.455616,120.344954,106.168614,0.077876,123.915404,1.250371,0.014011
"20140716","MW1007-26","A1","Glyphosate","0.00000","uM",13.959568,28.725077,0.315905,282.201615,3.611231,219.345769,69.5,65,891,59.145284,0.845454,92.737834,263.217168,0.293739,198.219231,0.977613,0.048147
"20140730","MW1007-104","B1","Glyphosate","0.00000","uM",6.562647,20.8675,0.284234,371.826908,2.173383,112.653525,58,47.5,314.5,48.136179,1.055237,92.747113,919.021721,0.365757,148.420732,1.101434,0.031476
"20140716","MW1007-26","D1","Glyphosate","0.00000","uM",7.044786,17.225795,0.197577,424.684417,2.174356,237.86085,86,75.5,296,76.923758,0.875484,125.860154,204.048967,0.232212,415.708569,1.838625,0.066702
"20140730","MW1007-104","E1","Glyphosate","0.00000","uM",14.304358,23.438571,0.28398,311.320107,3.449411,175.011893,51.5,49,579.5,47.403153,0.794588,95.15499,461.787707,0.333051,155.198198,1.252131,0.048798
"20140205","MW1007-26","D1","Loperamide","0.00000","uM",7.854252,16.830625,0.270069,371.111885,4.240174,215.715767,98,82,387.5,79.902688,1.007467,82.658821,193.095849,0.434073,251.955376,1.359775,0.042074
"20140212","MW1007-27","D1","Loperamide","0.00000","uM",6.88834,10.393125,0.242055,190.679214,2.722271,149.151271,59.5,40,454,35.411169,0.662421,51.315955,178.90625,0.239374,94.458253,0.444611,0.017073
"20140402","MW1007-27","D1","Loperamide","0.00000","uM",9.38251,18.65,0.542077,636.458281,10.935118,207.563596,92,77,254,72.781465,1.142128,122.814635,176.207977,0.455649,314.873379,1.579309,0.050938
"20140423","MW1007-38","D1","Loperamide","0.00000","uM",9.249182,12.6175,0.204996,423.708508,1.920485,266.746409,57.5,56,199,54.73227,1.010754,81.69374,370.658333,0.243498,185.425163,1.42243,0.030379
"20140205","MW1007-26","D8","Loperamide","0.00000","uM",11.65057,26.258615,0.55582,495.7007,5.480967,157.228867,98.5,82.5,427,70.68555,1.329607,78.438526,180.805529,0.541359,231.851026,1.289616,0.046052
"20140212","MW1007-27","D8","Loperamide","0.00000","uM",9.44366,13.05544,0.323603,361.043107,3.992536,253.586786,73,54,593.5,57.903396,0.701081,71.723728,388.890419,0.239375,183.167127,0.804312,0.029826
"20140402","MW1007-27","D8","Loperamide","0.00000","uM",9.081968,16.9185,0.390928,478.54735,4.619137,396.047462,109.5,104.5,349.5,103.536836,1.336848,103.59416,466.669817,0.442532,354.31099,1.860356,0.052872
"20140423","MW1007-38","D8","Loperamide","0.00000","uM",4.806788,11.185577,0.180507,380.915346,1.878746,315.313646,68.5,65,539.5,61.498479,0.717145,125.382792,241.605563,0.291905,172.70076,1.612019,0.039534
"20140205","MW1007-26","E1","Mevastatin","0.00000","uM",13.946197,27.524083,0.52115,602.242533,27.467146,172.856915,116.5,99.5,405.5,79.394181,1.283066,77.815417,152.070527,0.499134,258.658926,1.27196,0.041883
"20140212","MW1007-27","E1","Mevastatin","0.00000","uM",8.183817,12.859554,0.483735,274.194847,5.329332,185.385398,75.5,55.5,545,48.615966,0.551763,51.508091,150.398179,0.194821,111.39937,0.562635,0.016429
"20140402","MW1007-27","E1","Mevastatin","0.00000","uM",11.268203,19.27517,0.391321,589.51104,7.346723,298.846531,123.5,116,494.5,107.28,1.586881,100.096545,306.026766,0.74864,319.949231,2.235619,0.066716
"20140423","MW1007-38","E1","Mevastatin","0.00000","uM",6.016489,9.552168,0.19282,285.715074,1.771429,263.722685,61,57,290,61.200064,0.971527,105.060063,286.27653,0.254982,181.112676,1.384614,0.028034
"20140205","MW1007-26","E8","Mevastatin","0.00000","uM",13.615502,25.619375,0.607531,452.790981,7.177635,243.159933,111,95,589.5,75.238506,1.037121,71.499551,133.24406,0.507147,248.926724,1.34124,0.052155
"20140212","MW1007-27","E8","Mevastatin","0.00000","uM",10.731337,19.9365,0.449202,240.52515,3.96155,168.0509,65,51.5,867,34.621233,0.456391,69.492327,57.342545,0.258769,90.138102,0.567097,0.02598
"20140402","MW1007-27","E8","Mevastatin","0.00000","uM",6.817012,14.686946,0.425786,573.184331,5.614304,338.916702,111.5,104,223,111.24359,1.481841,109.628086,512.843546,0.560482,385.056777,2.10939,0.043893
"20140423","MW1007-38","E8","Mevastatin","0.00000","uM",3.546586,6.369231,0.188614,239.365,2.106958,184.82425,39,33,135,36.678788,0.60453,59.842414,126.529167,0.165422,112.992208,0.815684,0.011627
"20140730","MW1007-104","C1","Sodium Orthovanadate","0.00000","uM",12.476836,27.986883,0.217921,407.813393,2.733571,128.71065,78.5,70,443.5,67.095336,1.157123,81.242759,130.642714,0.530125,270.076241,1.573182,0.071873
"20140716","MW1007-26","C1","Sodium Orthovanadate","0.00000","uM",5.805272,14.257286,0.136152,434.650591,1.647945,195.875835,78.5,67.5,304.5,73.391837,0.813538,160.256295,168.773479,0.2026,383.338605,2.202882,0.054207
"20140730","MW1007-104","F1","Sodium Orthovanadate","0.00000","uM",6.439394,15.575625,0.279341,312.012747,2.309274,241.591267,82,71.5,393.5,66.480425,0.967031,88.122252,559.285709,0.271814,183.129754,1.422881,0.051824
"20140205","MW1007-26","F1","Sodium Orthovanadate","0.00000","uM",10.652004,19.426607,0.58461,368.654402,5.600987,242.689433,104.5,80.5,259,69.757495,0.901298,64.071728,454.535959,0.337254,260.182785,1.145227,0.035182
"20140716","MW1007-26","F1","Sodium Orthovanadate","0.00000","uM",6.803348,11.530286,0.333587,249.525021,3.423171,262.451486,67.5,51,336,60.642912,0.806044,73.728303,455.725218,0.214309,200.599619,0.717962,0.025024
"20140212","MW1007-27","F1","Sodium Orthovanadate","0.00000","uM",4.264228,8.72625,0.229469,175.891214,1.8805,141.248571,37,23,111,27.927495,0.590005,30.125673,282.912716,0.124627,73.626177,0.436915,0.006515
"20140402","MW1007-27","F1","Sodium Orthovanadate","0.00000","uM",7.302977,13.898571,0.272493,389.441279,3.301164,188.384529,51,40.5,181.5,46.013485,1.103372,73.540336,333.107459,0.249727,169.570391,1.079471,0.02324
"20140423","MW1007-38","F1","Sodium Orthovanadate","0.00000","uM",5.9747,12.199375,0.207827,322.9921,1.969355,196.200055,70,54,624.5,62.61703,0.807594,131.903318,207.69571,0.201536,169.352848,1.284873,0.039797
"20140205","MW1007-26","F8","Sodium Orthovanadate","0.00000","uM",13.371603,21.796364,0.664186,490.967969,13.087844,226.460292,98.5,78.5,241,66.599942,1.322002,72.573436,436.078469,0.663606,242.348315,1.074655,0.026941
"20140212","MW1007-27","F8","Sodium Orthovanadate","0.00000","uM",10.368413,20.976577,0.391273,362.96773,7.017818,127.844323,77,62.5,895,55.869863,0.764346,103.566287,368.524667,0.331435,136.795475,1.000532,0.041889
"20140402","MW1007-27","F8","Sodium Orthovanadate","0.00000","uM",13.422839,25.5025,0.431186,665.964813,12.368969,191.485875,111,101,338.5,81.919066,1.188368,100.348992,133.134979,0.561584,387.738132,2.171577,0.074254
"20140423","MW1007-38","F8","Sodium Orthovanadate","0.00000","uM",3.950518,11.915,0.206676,351.142602,1.421432,277.269375,54.5,49.5,396,44.700935,0.526052,126.369976,83.014145,0.134861,129.975857,1.430789,0.020266
"20140205","MW1007-26","C2","Domoic Acid","0.00030","uM",14.985667,28.73625,0.417795,514.898148,5.7107,245.177402,118.5,102,538.5,81.198173,1.197157,99.134437,139.283602,0.587918,359.087756,1.884111,0.081914
"20140205","MW1007-26","C3","Domoic Acid","0.00100","uM",10.968557,16.560857,0.365081,431.988429,4.365321,250.70156,95.5,85,360,76.742074,1.053876,150.706506,173.021024,0.461883,310.880825,1.835193,0.047735
"20140212","MW1007-27","C2","Domoic Acid","0.00300","uM",8.654967,16.984817,0.396395,295.7185,4.210008,171.028142,81.5,62.5,507,53.301449,0.735614,61.46515,280.642412,0.325661,110.576449,0.724114,0.023442
"20140402","MW1007-27","C2","Domoic Acid","0.00300","uM",9.487243,16.925,0.233342,620.799571,4.432509,401.387094,126,116,329.5,123.471141,1.676181,133.938252,393.348444,0.652963,590.164761,2.995372,0.102383
"20140423","MW1007-38","C2","Domoic Acid","0.00300","uM",5.6534,10.545,0.18684,367.7635,2.414462,277.927038,63.5,60.5,388.5,61.081731,0.895858,114.634819,222.999895,0.28817,244.150385,1.650249,0.042246
"20140205","MW1007-26","C4","Domoic Acid","0.00300","uM",11.495874,19.640872,0.536205,454.643872,6.850942,283.636753,107.5,93.5,193,90.646465,1.12099,107.662644,280.457264,0.313426,530.318182,1.840305,0.05028
"20140212","MW1007-27","C3","Domoic Acid","0.01000","uM",5.106736,9.52019,0.262898,411.012491,3.013197,275.025848,78,56,239,57.333094,1.017552,70.646438,422.023576,0.409184,189.217121,0.890999,0.021883
"20140402","MW1007-27","C3","Domoic Acid","0.01000","uM",9.775343,17.053125,0.417984,522.165604,4.969456,289.748071,108.5,99,342.5,95.978005,1.223183,103.260754,1342.647469,0.342655,396.924088,1.956714,0.055768
"20140423","MW1007-38","C3","Domoic Acid","0.01000","uM",5.470799,12.6025,0.201278,377.807906,2.002906,298.786625,72.5,67,411.5,69.269139,0.802511,102.095304,279.127832,0.253467,256.286483,1.66707,0.041482
"20140205","MW1007-26","C5","Domoic Acid","0.01000","uM",8.505561,21.098571,0.489725,531.015608,4.03441,237.943846,113.5,101.5,329,87.104334,1.004903,114.479497,157.665787,0.339657,461.055271,2.213068,0.060839
"20140730","MW1007-104","C2","Sodium Orthovanadate","0.01000","uM",4.34663,11.275125,0.228166,470.928906,2.816094,225.6175,75,68,278.5,60.763694,1.173663,105.045229,229.111705,0.377325,211.616924,1.523588,0.039351
"20140716","MW1007-26","C2","Sodium Orthovanadate","0.01000","uM",7.175259,15.42851,0.323081,532.901769,15.21657,183.630341,64.5,61,206,82.889039,0.819017,141.597258,446.853956,0.151912,400.373765,2.179001,0.03703
"20140730","MW1007-104","F2","Sodium Orthovanadate","0.01000","uM",12.899719,20.665,0.280149,412.3032,18.705633,139.075567,91.5,72.5,422,73.570487,1.296617,69.60384,155.346107,0.508589,252.361331,1.416913,0.062887
"20140716","MW1007-26","F2","Sodium Orthovanadate","0.01000","uM",6.018993,15.5415,0.434662,271.515098,3.336598,120.584,62.5,43,341.5,44.583871,0.57021,97.084257,96.244634,0.15545,182.441935,0.919043,0.03027
"20140730","MW1007-104","A2","Bisindolymaleimide 1","0.03000","uM",9.262804,15.07,0.425957,276.166571,4.2245,150.254857,62,42,340,25.753676,0.333379,56.156101,16.331481,0.148078,101.415441,0.710849,0.03145
"20140205","MW1007-26","B2","Bisindolymaleimide 1","0.03000","uM",10.589126,18.270446,0.498715,532.333635,9.776458,277.537281,107,93,302,82.458591,1.07162,96.636157,160.160971,0.529614,324.857538,1.695627,0.047288
"20140716","MW1007-26","B2","Bisindolymaleimide 1","0.03000","uM",7.589198,13.962923,0.185242,256.223166,3.206984,149.709692,71,48.5,760.5,62.831433,0.780515,86.836707,563.570451,0.244042,211.726306,0.98993,0.038566
"20140212","MW1007-27","B2","Bisindolymaleimide 1","0.03000","uM",12.179165,22.830375,0.521174,327.373016,5.270487,113.827776,69,52.5,512.5,52.38353,0.713909,60.710961,99.87531,0.181106,113.41218,0.538966,0.018092
"20140402","MW1007-27","B2","Bisindolymaleimide 1","0.03000","uM",8.225844,14.491339,0.303946,603.302846,5.97761,336.761619,113.5,106.5,308,102.262047,1.349335,111.143937,410.842066,0.56474,449.871523,2.491394,0.067235
"20140423","MW1007-38","B2","Bisindolymaleimide 1","0.03000","uM",7.037862,11.552625,0.144867,380.777833,2.013661,324.305952,66.5,57,502,54.868687,0.716092,141.850268,204.8998,0.30657,189.785985,1.641632,0.052002
"20140730","MW1007-104","D2","Bisindolymaleimide 1","0.03000","uM",7.90757,16.621875,0.271905,397.668125,3.497375,212.775219,73,68,288.5,67.89953,1.183246,75.643647,221.856033,0.297521,233.306452,1.460168,0.043292
"20140716","MW1007-26","E2","Bisindolymaleimide 1","0.03000","uM",5.485692,12.090192,0.132452,468.369648,1.564295,200.792381,97.5,86,166.5,86.952174,1.008682,134.747756,198.619091,0.178188,527.632609,2.244911,0.050145
"20140212","MW1007-27","C4","Domoic Acid","0.03000","uM",8.095914,11.89483,0.268358,306.512875,3.034594,255.47125,88.5,80,603.5,61.945023,0.830976,90.174461,156.159222,0.39449,154.713086,1.077738,0.030364
"20140402","MW1007-27","C4","Domoic Acid","0.03000","uM",6.780596,12.152679,0.407031,488.645996,4.801871,496.342077,112,99,208.5,105.493007,1.296436,109.387348,697.094589,0.365572,608.770396,1.910667,0.047653
"20140423","MW1007-38","C4","Domoic Acid","0.03000","uM",4.656207,9.679269,0.226203,339.003238,2.230762,381.360494,66.5,59,182.5,70.833333,0.674395,68.519185,446.400725,0.172766,263.97491,1.185249,0.023234
"20140205","MW1007-26","C6","Domoic Acid","0.03000","uM",11.48022,19.132232,0.503214,520.514042,13.761896,273.502292,109.5,95.5,208.5,83.006739,1.037763,72.961494,189.5462,0.348428,331.023784,1.436155,0.030003
"20140730","MW1007-104","C3","Sodium Orthovanadate","0.03000","uM",5.625431,13.071769,0.136265,506.644769,2.292827,211.050346,90,81.5,221.5,77.049242,1.240344,141.350508,168.320793,0.358185,435.734848,2.453845,0.061668
"20140716","MW1007-26","C3","Sodium Orthovanadate","0.03000","uM",5.263025,9.96775,0.55352,347.663714,4.761548,443.653333,55.5,39.5,117,54.017522,0.784989,90.539109,1273.13159,0.198203,190.640801,1.227018,0.011652
"20140205","MW1007-26","F2","Sodium Orthovanadate","0.03000","uM",9.690922,17.382054,0.546872,446.296003,5.455667,222.667118,105.5,84.5,313,78.203513,1.26662,88.320476,143.9947,0.587309,295.119831,1.488648,0.046639
"20140730","MW1007-104","F3","Sodium Orthovanadate","0.03000","uM",12.95528,23.38125,0.243436,408.947286,4.530524,111.433712,101,85.5,566,79.556187,1.481486,82.045594,98.665,0.448792,228.413194,1.514646,0.076524
"20140716","MW1007-26","F3","Sodium Orthovanadate","0.03000","uM",9.914017,18.093125,0.316315,323.962567,4.261467,215.8326,76,64,466,65.946208,0.817158,96.922815,288.062998,0.291015,204.652557,0.959177,0.030617
"20140205","MW1007-26","A2","Acetaminophen","0.10000","uM",11.426327,23.17875,0.420215,561.703219,6.7825,224.528656,116,106,335.5,86.428082,1.087575,89.603205,135.46366,0.555085,366.773472,1.975894,0.062271
"20140212","MW1007-27","A2","Acetaminophen","0.10000","uM",7.128737,11.943,0.357112,252.155208,3.444988,280.822298,76,57,564.5,58.837719,0.635252,86.140145,566.51674,0.194852,155.921053,0.755323,0.024835
"20140402","MW1007-27","A2","Acetaminophen","0.10000","uM",11.215166,19.3875,0.328588,642.893,5.300156,325.72525,116,108.5,372,114.847712,1.494646,104.354766,335.833685,0.63708,480.837856,2.49903,0.088751
"20140423","MW1007-38","A2","Acetaminophen","0.10000","uM",5.799599,13.5825,0.153608,339.544415,1.689366,278.833772,76,67,826,60.894933,0.637727,151.351953,152.890702,0.307098,176.05371,1.56863,0.05171
"20140730","MW1007-104","A3","Bisindolymaleimide 1","0.10000","uM",6.749501,15.293571,0.298301,310.910513,2.294372,133.221949,59.5,43,117.5,32.12766,0.481945,58.10689,47.108696,0.224845,178.351064,0.97725,0.030553
"20140205","MW1007-26","B3","Bisindolymaleimide 1","0.10000","uM",12.313251,22.552143,0.558082,477.713697,6.799442,301.2608,111.5,95,427,82.364322,1.108992,105.957495,130.321353,0.519238,317.588187,1.73523,0.055537
"20140716","MW1007-26","B3","Bisindolymaleimide 1","0.10000","uM",5.469104,9.091429,0.266255,322.31916,3.332942,363.016266,64,51.5,217.5,46.646429,0.536543,73.473288,106.794544,0.149835,180.02619,1.149147,0.021306
"20140212","MW1007-27","B3","Bisindolymaleimide 1","0.10000","uM",8.426756,14.800625,0.446075,299.707275,4.505,170.114692,68,54.5,343.5,33.202147,0.51106,35.447156,48.441377,0.276492,86.31016,0.437091,0.011825
"20140402","MW1007-27","B3","Bisindolymaleimide 1","0.10000","uM",8.168511,9.663214,0.36968,557.531877,6.682636,401.970959,112,93.5,226,102.420513,1.446627,102.681971,645.955838,0.558472,449.029487,2.043528,0.058873
"20140423","MW1007-38","B3","Bisindolymaleimide 1","0.10000","uM",5.4449,10.7725,0.154293,455.880753,2.483517,337.894338,76,68.5,476,69.817659,0.751742,166.859589,269.738561,0.275128,276.312587,2.235541,0.054379
"20140730","MW1007-104","D3","Bisindolymaleimide 1","0.10000","uM",9.436566,16.47,0.257803,416.5915,4.202656,200.36975,106,96,328,82.739959,1.524008,86.385289,256.735342,0.416408,261.364193,1.536386,0.048724
"20140716","MW1007-26","E3","Bisindolymaleimide 1","0.10000","uM",11.73046,16.982304,0.559294,381.19895,4.897243,368.6864,71.5,64,267.5,73.193857,0.877297,102.712136,498.165756,0.239683,347.710714,1.447748,0.04292
"20140212","MW1007-27","C5","Domoic Acid","0.10000","uM",7.587404,13.155341,0.279972,325.136533,4.531667,299.579,64.5,47,244,38.21374,0.66512,36.625695,117.052628,0.262872,121.781037,0.541629,0.013016
"20140402","MW1007-27","C5","Domoic Acid","0.10000","uM",7.205326,12.976312,0.407401,515.670417,4.634479,346.760313,105,93,182,98.290497,1.228085,118.584908,1251.958108,0.481613,503.876023,2.094978,0.047738
"20140423","MW1007-38","C5","Domoic Acid","0.10000","uM",7.882721,13.553286,0.227998,335.4369,2.747692,334.789817,72,62.5,310,64.355769,0.774008,87.535328,261.827773,0.210475,290.980769,1.200962,0.03195
"20140205","MW1007-26","C7","Domoic Acid","0.10000","uM",5.837371,10.058,0.488566,425.422067,4.138067,430.549967,91.5,82.5,157.5,80.071429,1.160137,90.754853,245.834288,0.344579,367.017857,1.527952,0.025731
"20140716","MW1007-26","A2","Glyphosate","0.10000","uM",9.208182,17.453,0.244611,387.255531,3.877187,216.188271,86.5,69.5,527,69.782671,1.009786,107.909589,226.310159,0.313584,294.580663,1.421206,0.059058
"20140730","MW1007-104","B2","Glyphosate","0.10000","uM",5.864327,14.641538,0.176544,463.561036,2.267473,158.131411,83,63,306.5,71.543137,1.181137,114.937796,120.373823,0.436179,285.893137,1.746704,0.057229
"20140716","MW1007-26","D2","Glyphosate","0.10000","uM",4.415009,10.157292,0.200926,432.620176,2.315951,301.770603,84.5,69,325.5,71.297133,0.783909,157.424147,263.021636,0.267482,306.384767,1.790211,0.040992
"20140730","MW1007-104","E2","Glyphosate","0.10000","uM",8.745679,20.55825,0.270399,361.799344,3.27625,183.033875,75,68,392.5,69.013372,1.032331,97.810152,164.444706,0.277558,248.736434,1.503653,0.063937
"20140205","MW1007-26","D2","Loperamide","0.10000","uM",11.423896,14.834821,0.37182,627.056038,20.968623,236.000632,107,95,293.5,83.637675,1.064723,114.671489,139.923804,0.448569,358.168978,2.055398,0.052234
"20140212","MW1007-27","D2","Loperamide","0.10000","uM",7.310336,14.292619,0.336216,323.308236,3.508431,212.761725,83,61.5,487,54.517308,1.035238,68.899334,91.388011,0.256269,146.55,0.751058,0.024457
"20140402","MW1007-27","D2","Loperamide","0.10000","uM",4.963649,10.795375,0.341619,563.110317,4.122659,405.550776,106.5,95,212,82.322115,1.096122,134.229809,173.605154,0.506561,413.979808,1.979283,0.044899
"20140423","MW1007-38","D2","Loperamide","0.10000","uM",4.713857,10.917375,0.142227,445.462179,1.829201,252.861728,84,75,356.5,77.138326,0.974996,132.253669,200.43646,0.309848,321.92902,1.874877,0.044748
"20140205","MW1007-26","E2","Mevastatin","0.10000","uM",22.524443,20.862,0.371596,650.968813,32.699753,238.170376,119,111.5,239.5,114.66454,2.431485,64.109369,405.947808,0.499967,637.744206,2.309464,0.088297
"20140212","MW1007-27","E2","Mevastatin","0.10000","uM",12.526726,15.599375,0.387092,378.509283,7.177623,191.49486,82.5,64,370.5,59.575509,1.358053,47.750691,794.161702,0.349553,153.153756,0.608423,0.016843
"20140402","MW1007-27","E2","Mevastatin","0.10000","uM",6.924705,13.524,0.238259,430.538913,3.438275,227.977087,53,43,212.5,53.39956,0.849116,105.741289,206.741843,0.16809,246.992787,1.305136,0.031512
"20140423","MW1007-38","E2","Mevastatin","0.10000","uM",5.982864,14.954667,0.131549,497.309563,1.830595,178.567056,59,54.5,379,59.31623,1.2401,171.519792,134.962267,0.307943,276.662205,2.284774,0.062245
"20140730","MW1007-104","C4","Sodium Orthovanadate","0.10000","uM",12.859238,21.912857,0.600417,453.810429,5.799786,224.886393,96.5,86.5,325,75.049088,1.492206,91.203072,102.009848,0.319032,265.587231,1.660678,0.04885
"20140716","MW1007-26","C4","Sodium Orthovanadate","0.10000","uM",3.516062,10.293,0.144922,473.609636,1.528436,372.965014,69.5,59.5,166.5,77.035014,0.801313,143.784537,461.358806,0.212551,370.145658,1.981907,0.031353
"20140212","MW1007-27","F2","Sodium Orthovanadate","0.10000","uM",6.864833,13.52375,0.343974,337.546379,4.460803,132.739848,45,33.5,346,28.332981,0.61737,57.120751,113.256313,0.246151,105.846734,0.584273,0.017995
"20140402","MW1007-27","F2","Sodium Orthovanadate","0.10000","uM",5.642544,13.135167,0.354564,378.823669,3.461643,218.774084,50.5,42,226.5,46.131579,0.881446,69.822532,628.334292,0.320765,153.157895,0.74286,0.017587
"20140423","MW1007-38","F2","Sodium Orthovanadate","0.10000","uM",9.202544,14.9475,0.25437,317.657647,3.101504,197.982714,87,75,711.5,63.938482,0.80048,121.716943,108.870075,0.338915,169.239312,1.35159,0.042558
"20140205","MW1007-26","F3","Sodium Orthovanadate","0.10000","uM",11.187168,26.159856,0.411242,602.615273,5.443977,148.811589,105,86,544,75.601755,1.03907,110.040428,104.186864,0.494463,249.195022,1.627497,0.055844
"20140730","MW1007-104","F4","Sodium Orthovanadate","0.10000","uM",14.662649,36.81,0.289977,388.566712,3.357939,64.083091,94,76,714,67.1133,1.258082,94.060639,114.846414,0.458743,182.594652,1.456478,0.081277
"20140716","MW1007-26","F4","Sodium Orthovanadate","0.10000","uM",9.477096,19.678846,0.424167,412.756167,12.708244,94.9484,64.5,47,465.5,43.276786,0.525911,88.480682,45.934754,0.184065,137.844182,0.775491,0.026477
"20140205","MW1007-26","A3","Acetaminophen","0.30000","uM",7.942913,17.024938,0.272398,569.607572,3.13624,240.299865,107.5,92.5,502,70.120161,0.996233,105.167755,99.686998,0.471171,259.634122,1.688254,0.052437
"20140212","MW1007-27","A3","Acetaminophen","0.30000","uM",9.548056,14.436346,0.415566,303.311938,15.354375,134.199062,64,42,439.5,39.39755,0.523136,63.277451,132.722317,0.243542,103.085446,0.644038,0.018465
"20140402","MW1007-27","A3","Acetaminophen","0.30000","uM",10.29313,21.569375,0.337554,589.371385,4.651167,284.091385,111,103.5,542,84.499296,0.99677,124.748481,102.931706,0.402333,406.33666,2.431249,0.093402
"20140423","MW1007-38","A3","Acetaminophen","0.30000","uM",8.961188,17.257232,0.203234,335.400842,2.209514,213.79312,80.5,66.5,971,55.441477,0.68079,137.533273,162.769054,0.341569,157.212721,1.37935,0.054657
"20140730","MW1007-104","A4","Bisindolymaleimide 1","0.30000","uM",3.744692,4.71,0.119528,172.029821,2.130357,98.841786,48,35,100,27.375,0.300725,31.476122,52.432692,0.11458,97.875,0.494154,0.010405
"20140205","MW1007-26","B4","Bisindolymaleimide 1","0.30000","uM",10.194358,18.823089,0.52861,548.548468,6.974384,289.384534,111.5,92.5,349.5,84.12004,1.080189,118.247189,198.098487,0.553769,370.976852,1.772801,0.055218
"20140716","MW1007-26","B4","Bisindolymaleimide 1","0.30000","uM",5.884332,6.645,0.407775,259.235403,4.191443,358.884801,56,38.5,148.5,38.119565,0.658191,44.785847,144.715809,0.215747,114.463768,0.458525,0.009055
"20140212","MW1007-27","B4","Bisindolymaleimide 1","0.30000","uM",6.375276,12.912321,0.497565,405.466611,6.555493,161.615731,72,58.5,294,63.319981,0.836126,61.911679,80.823621,0.312887,168.727799,0.807215,0.026919
"20140402","MW1007-27","B4","Bisindolymaleimide 1","0.30000","uM",8.640343,11.605068,0.406623,538.567192,6.641535,417.237415,121.5,106.5,216,108.539289,1.664297,91.899242,1265.783288,0.932968,521.331139,2.221077,0.071202
"20140423","MW1007-38","B4","Bisindolymaleimide 1","0.30000","uM",3.073431,7.716,0.156477,449.283857,1.94075,327.619929,49.5,48,334.5,52.112637,0.787106,113.971702,1313.857785,0.257377,151.434783,1.245785,0.030093
"20140730","MW1007-104","D4","Bisindolymaleimide 1","0.30000","uM",6.528949,13.633846,0.346904,392.543478,4.045433,177.220936,89,74.5,243,69.091973,1.16921,62.401908,174.189524,0.438024,145.908027,1.256032,0.026321
"20140716","MW1007-26","E4","Bisindolymaleimide 1","0.30000","uM",6.371126,8.183,0.593336,290.8402,5.6314,286.804744,67.5,49,249.5,46.293651,0.518281,99.531376,75.233501,0.135668,145.361111,0.949266,0.019895
"20140212","MW1007-27","C6","Domoic Acid","0.30000","uM",1.972913,0,0,0,0,0,5,0,0,0,0,0,0,0,0,0.009103,0
"20140402","MW1007-27","C6","Domoic Acid","0.30000","uM",6.430485,10.69125,0.408793,539.370281,4.905214,463.932402,85,80.5,113.5,102.138626,1.715956,106.649867,733.216292,0.719367,525.786148,2.054301,0.034785
"20140423","MW1007-38","C6","Domoic Acid","0.30000","uM",2.167826,4.247143,0.083612,294.292909,1.228364,345.305455,44.5,19,81.5,61.609848,0.567352,127.494824,551.302634,0.096408,299.943182,1.029938,0.011759
"20140716","MW1007-26","A3","Glyphosate","0.30000","uM",11.546366,20.59,0.434422,443.478771,6.846719,353.459719,87.5,78.5,315,74.350242,0.994743,75.899336,239.887513,0.27794,317.143116,1.198337,0.043767
"20140730","MW1007-104","B3","Glyphosate","0.30000","uM",7.992034,17.895,0.183009,460.497256,2.768641,143.169987,94,83,295,75.882828,1.278052,101.912433,110.389457,0.33384,328.773737,1.793902,0.055993
"20140716","MW1007-26","D3","Glyphosate","0.30000","uM",7.156877,10.314173,0.270071,326.835764,2.836366,293.96478,81.5,68.5,169,53.243506,0.54677,114.041568,98.379915,0.133036,319.590909,1.329621,0.034426
"20140730","MW1007-104","E3","Glyphosate","0.30000","uM",8.506282,22.620154,0.151658,468.182135,2.012846,130.202712,90,81.5,376.5,82.712382,1.177191,129.6031,127.063417,0.24011,347.454545,2.368598,0.076773
"20140205","MW1007-26","D3","Loperamide","0.30000","uM",5.94489,15.37875,0.176068,453.646619,1.813094,202.34055,94.5,82.5,336.5,80.629533,1.123336,136.398938,158.681422,0.377,311.528589,2.106258,0.061118
"20140212","MW1007-27","D3","Loperamide","0.30000","uM",4.839668,11.6715,0.330691,281.353417,2.962217,196.540833,64.5,54.5,369,44.090498,0.611652,71.979086,150.465065,0.21343,135.666667,0.684553,0.016577
"20140402","MW1007-27","D3","Loperamide","0.30000","uM",5.81275,12.295089,0.319847,644.548665,4.086252,336.252935,111.5,104,201,103.377498,1.596251,129.948182,540.178107,0.428977,498.412494,2.435663,0.054227
"20140423","MW1007-38","D3","Loperamide","0.30000","uM",7.036579,11.136429,0.193053,430.292242,2.642387,256.166948,67,63.5,365,63.789055,0.802577,140.03596,217.728807,0.236455,308.103423,1.847337,0.049887
"20140205","MW1007-26","E3","Mevastatin","0.30000","uM",15.303925,18.803375,0.401166,647.851085,16.816147,215.582156,106.5,94.5,163,91.617221,2.619405,48.973249,249.503478,0.439668,517.438992,1.882483,0.072459
"20140212","MW1007-27","E3","Mevastatin","0.30000","uM",9.038622,19.551726,0.212943,488.441866,3.167689,155.06116,78.5,76,247,79.363718,1.588009,89.329861,150.391667,0.454109,375.952916,1.782564,0.050001
"20140402","MW1007-27","E3","Mevastatin","0.30000","uM",6.970725,13.742532,0.322614,609.173168,4.322688,357.036678,88,81.5,155.5,78.521739,2.076077,107.196486,243.516032,0.244198,450.953253,2.145938,0.046867
"20140423","MW1007-38","E3","Mevastatin","0.30000","uM",7.127389,12.784286,0.227401,406.926147,4.334667,173.116795,62.5,50.5,184,67.597561,1.6333,65.588487,731.280026,0.227339,234.854028,1.243621,0.028013
"20140730","MW1007-104","C5","Sodium Orthovanadate","0.30000","uM",9.195395,17.89125,0.214377,427.700776,3.00869,150.396233,91.5,78.5,309.5,75.703079,1.749023,86.370472,166.408152,0.477091,253.495846,1.518557,0.05161
"20140716","MW1007-26","C5","Sodium Orthovanadate","0.30000","uM",8.058642,15.158466,0.40056,427.120584,9.208175,137.071253,66,50.5,177.5,60.34204,0.964853,91.086126,90.903096,0.107363,292.262438,1.201149,0.032607
"20140212","MW1007-27","F3","Sodium Orthovanadate","0.30000","uM",11.230447,16.379182,0.428551,346.00785,13.84945,113.12195,71,51.5,402.5,48.018,0.736163,76.86473,176.128012,0.31296,177.750182,0.820091,0.031191
"20140402","MW1007-27","F3","Sodium Orthovanadate","0.30000","uM",10.664724,20.069137,0.397065,539.177312,4.673683,249.910237,114.5,102,374.5,81.498871,1.138641,134.480602,143.783028,0.764278,474.637568,2.335563,0.076385
"20140423","MW1007-38","F3","Sodium Orthovanadate","0.30000","uM",5.483779,12.421154,0.299958,289.858341,2.278923,273.588577,57.5,43.5,552.5,29.069375,0.357112,120.443538,25.967734,0.146399,74.66625,0.900244,0.027149
"20140205","MW1007-26","F4","Sodium Orthovanadate","0.30000","uM",10.325288,21.642875,0.428302,500.022752,4.437555,191.567243,114,92.5,428.5,77.307666,1.180509,100.094051,108.070883,0.504818,321.698399,1.757613,0.068152
"20140730","MW1007-104","F5","Sodium Orthovanadate","0.30000","uM",17.103766,61.00875,0.795697,587.971333,7.13225,163.853,91.5,84.5,435,83.412121,1.127791,110.181615,116.975079,0.289216,332.79697,2.025456,0.082788
"20140716","MW1007-26","F5","Sodium Orthovanadate","0.30000","uM",13.453458,23.519407,0.467239,300.659342,9.761942,130.301292,69,59,583.5,57.687666,0.870255,56.465251,1171.900061,0.390163,176.709141,0.639501,0.030057
"20140205","MW1007-26","A4","Acetaminophen","1.00000","uM",10.653049,21.741408,0.519414,659.802552,13.109552,202.843625,107.5,90.5,419.5,73.551613,1.230134,86.145651,125.78008,0.620994,234.037097,1.636592,0.047685
"20140212","MW1007-27","A4","Acetaminophen","1.00000","uM",8.984083,12.734567,0.426023,395.630336,33.568918,150.731782,64.5,52,557,54.78065,0.699178,69.207676,1428.910863,0.214296,116.5809,0.637371,0.01998
"20140402","MW1007-27","A4","Acetaminophen","1.00000","uM",9.806042,17.552,0.439865,516.936452,5.089381,394.69039,114,93,409,97.193238,1.497157,117.414203,838.456751,0.657039,391.43652,2.037794,0.066221
"20140423","MW1007-38","A4","Acetaminophen","1.00000","uM",3.792335,7.725,0.284124,294.688727,2.335131,349.523551,45,41,286,49.556003,0.712785,113.265081,105.627409,0.136162,158.155917,1.246582,0.024853
"20140730","MW1007-104","A5","Bisindolymaleimide 1","1.00000","uM",2.194358,4.1,0.181673,157.568182,2.37,102.043409,40.5,27.5,42.5,25.294118,0.517883,12.19765,138.148437,0.084563,51.911765,0.24606,0.002826
"20140205","MW1007-26","B5","Bisindolymaleimide 1","1.00000","uM",8.642658,12.006964,0.305863,389.574238,4.795387,197.189487,97,74,289,80.118069,1.120346,87.322998,389.450271,0.525125,289.741031,1.457951,0.043033
"20140716","MW1007-26","B5","Bisindolymaleimide 1","1.00000","uM",5.906579,8.105,0.223182,222.907208,3.2435,212.601417,45,33,91.5,37.120773,0.694266,23.419955,284.083958,0.241161,104.109903,0.449771,0.004614
"20140212","MW1007-27","B5","Bisindolymaleimide 1","1.00000","uM",7.517596,12.540625,0.225308,239.70875,3.244393,159.111464,58,46,555,51.696076,0.663182,59.909071,150.922182,0.178638,125.59366,0.556593,0.017559
"20140402","MW1007-27","B5","Bisindolymaleimide 1","1.00000","uM",10.28472,16.031875,0.554224,420.722433,7.37283,302.311344,109,89.5,314.5,74.516632,1.564356,45.211465,177.991295,1.146715,184.356393,1.42496,0.045804
"20140423","MW1007-38","B5","Bisindolymaleimide 1","1.00000","uM",2.482331,4.786429,0.159949,287.04275,2.551125,280.55775,39.5,33,121,40.1875,0.565082,67.709748,246.244841,0.114684,117.0625,1.034696,0.010792
"20140730","MW1007-104","D5","Bisindolymaleimide 1","1.00000","uM",6.110026,7.048846,0.236597,465.086591,2.049409,290.695318,46.5,31,105,28.809524,0.486982,51.977947,52.829268,0.191518,108.869048,0.850501,0.017796
"20140716","MW1007-26","E5","Bisindolymaleimide 1","1.00000","uM",5.256487,13.064,0.342881,345.99475,3.66425,343.434875,58.5,33,78.5,40.346154,0.594891,24.124754,278.646241,0.118568,116.350962,0.421323,0.003877
"20140212","MW1007-27","C7","Domoic Acid","1.00000","uM",4.507595,4.59,0.25835,288.070779,3.520464,331.315879,51,36,44.5,65.416667,0.744819,40.400722,703.590625,0.15327,226.333333,0.718497,0.005307
"20140402","MW1007-27","C7","Domoic Acid","1.00000","uM",5.126988,7.978295,0.184532,352.667344,3.017469,469.581438,98.5,66,138.5,89.451923,1.329397,100.123088,489.264972,0.354039,506.880769,1.797573,0.039432
"20140423","MW1007-38","C7","Domoic Acid","1.00000","uM",2.418531,4.226182,0.13317,231.327179,1.848714,296.05475,56,38.5,88.5,75.236264,0.650831,124.480517,495.150694,0.119866,311.813187,1.113779,0.012698
"20140716","MW1007-26","A4","Glyphosate","1.00000","uM",10.459772,15.201,0.544107,120.58125,4.139,117.091,36.5,25.5,168,16.191964,0.199038,12.555963,12.015541,0.076667,33.053571,0.095469,0.002775
"20140730","MW1007-104","B4","Glyphosate","1.00000","uM",8.559592,23.282077,0.276717,442.941207,2.389837,123.022519,72.5,60.5,278.5,56.232051,1.101015,95.492164,150.727365,0.294883,193.071795,1.394487,0.034164
"20140716","MW1007-26","D4","Glyphosate","1.00000","uM",4.615474,10.705,0.257257,422.667407,2.586163,187.92625,64,51.5,196,51.006742,0.578872,95.212082,98.289489,0.11956,225.498876,1.190182,0.027036
"20140730","MW1007-104","E4","Glyphosate","1.00000","uM",8.312317,20.856625,0.760549,477.374562,5.504938,352.925594,105,91.5,331.5,82.729798,1.220319,109.467289,151.740162,0.254387,358.849747,1.994599,0.068801
"20140205","MW1007-26","D4","Loperamide","1.00000","uM",2.013879,7.18575,0.114613,492.072875,1.147583,265.265458,68.5,57.5,147.5,75.436905,0.786787,181.72516,565.49093,0.152901,355.092857,2.307045,0.032301
"20140212","MW1007-27","D4","Loperamide","1.00000","uM",1.893836,7.01642,0.125402,352.004909,1.536373,170.1882,51.5,50,134,55.585342,0.621924,107.763399,148.436562,0.119924,196.599807,1.448371,0.018974
"20140402","MW1007-27","D4","Loperamide","1.00000","uM",3.084847,8.10625,0.069902,381.396729,1.744656,203.254594,63.5,61.5,133.5,87.746104,0.989374,176.786727,423.805021,0.358207,433.384416,2.173147,0.044898
"20140423","MW1007-38","D4","Loperamide","1.00000","uM",0.952521,3.777857,0.134455,313.125955,1.074223,261.231241,35.5,29.5,73,59.576923,0.342197,198.161981,225.819391,0.065224,239.683761,1.798264,0.009358
"20140205","MW1007-26","E4","Mevastatin","1.00000","uM",4.963897,11.580989,0.283034,207.744529,2.314952,149.814413,45.5,29.5,39,18.288462,0.547268,7.738882,51.663,0.064879,40.557692,0.18228,0.002411
"20140212","MW1007-27","E4","Mevastatin","1.00000","uM",8.718221,23.55,0.480812,113.98375,2.938,69.49075,8,5.5,0,0,0,0,0,0,0,0.026096,6.2e-05
"20140402","MW1007-27","E4","Mevastatin","1.00000","uM",8.791546,10.82375,0.549282,521.825938,10.222125,351.975875,88.5,70.5,107,62.478261,1.350176,72.192754,143.96875,0.251209,329.167984,1.734468,0.040747
"20140423","MW1007-38","E4","Mevastatin","1.00000","uM",4.749989,1.98,0.030961,135.9378,0.3924,67.0302,12,7.5,27,14.083333,0.263609,33.996167,72.335294,0.062458,39.416667,0.619915,0.00418
"20140730","MW1007-104","C6","Sodium Orthovanadate","1.00000","uM",4.485579,10.528681,0.169906,436.79214,2.57094,305.554357,83,80.5,242,71.378788,1.117528,117.935004,174.938462,0.300608,246.674242,2.023766,0.037011
"20140716","MW1007-26","C6","Sodium Orthovanadate","1.00000","uM",7.309142,16.767857,0.306019,331.981024,3.307952,250.158964,80.5,57,289.5,62.462209,1.052725,84.428658,64.216842,0.177433,233.54564,1.047012,0.033922
"20140212","MW1007-27","F4","Sodium Orthovanadate","1.00000","uM",6.453922,13.847308,0.450231,233.64054,3.648313,242.236824,48.5,38.5,565.5,35.008403,0.511272,68.133302,205.647727,0.174441,109.566176,0.563187,0.0198
"20140402","MW1007-27","F4","Sodium Orthovanadate","1.00000","uM",13.954231,18.698482,0.46706,606.92393,19.804649,245.142583,109.5,99.5,462.5,79.309056,0.990501,113.797755,174.866812,0.673226,488.541185,2.416598,0.077657
"20140423","MW1007-38","F4","Sodium Orthovanadate","1.00000","uM",1.945317,5.096667,0.15231,213.844736,1.086771,174.166271,42.5,32.5,130,38.708929,0.438834,85.321298,112.589957,0.111228,108.342857,0.953604,0.006881
"20140205","MW1007-26","F5","Sodium Orthovanadate","1.00000","uM",14.297842,25.814196,0.25931,410.356205,5.206616,124.483254,104.5,92,499,78.538561,1.286408,81.384986,99.490709,0.620982,270.59038,1.516115,0.062764
"20140730","MW1007-104","F6","Sodium Orthovanadate","1.00000","uM",9.350943,22.216667,0.376921,344.629929,3.151143,132.857107,69,59.5,484.5,58.494565,0.949325,94.678365,508.670902,0.291149,168.480978,1.291284,0.060769
"20140716","MW1007-26","F6","Sodium Orthovanadate","1.00000","uM",11.326578,19.188,0.549275,262.148592,5.87625,103.174117,73,54.5,509.5,45.414835,0.677435,52.172855,60.383239,0.22066,151.592033,0.582333,0.023853
"20140205","MW1007-26","A6","Acetaminophen","10.00000","uM",11.949445,20.750625,0.580119,439.431194,5.4239,245.14719,108.5,99,527.5,78.093168,1.214068,97.523505,99.794601,0.646677,275.765063,1.770839,0.063578
"20140212","MW1007-27","A6","Acetaminophen","10.00000","uM",12.127861,25.936607,0.767342,420.186467,6.81401,191.056172,76,63.5,508,51.207126,0.779326,65.501251,305.032169,0.367319,122.115942,0.693367,0.022198
"20140402","MW1007-27","A6","Acetaminophen","10.00000","uM",9.223148,17.031125,0.247307,660.667556,4.711521,326.51121,106.5,99,341,84.069132,1.151039,122.518742,125.420442,0.418452,457.600243,2.64944,0.090095
"20140423","MW1007-38","A6","Acetaminophen","10.00000","uM",5.528039,11.93035,0.164828,301.915806,1.492306,223.733056,53.5,42.5,319.5,55.989723,0.827178,125.154689,318.275657,0.229647,187.513947,1.360878,0.034909
"20140730","MW1007-104","A7","Bisindolymaleimide 1","10.00000","uM",0,0,0,0,0,0,0,0,0,0,0,0,0,0,0,0,0
"20140205","MW1007-26","B7","Bisindolymaleimide 1","10.00000","uM",0,0,0,0,0,0,0,0,0,0,0,0,0,0,0,0,0
"20140212","MW1007-27","B7","Bisindolymaleimide 1","10.00000","uM",0,0,0,0,0,0,0,0,0,0,0,0,0,0,0,0,0
"20140402","MW1007-27","B7","Bisindolymaleimide 1","10.00000","uM",0,0,0,0,0,0,0,0,0,0,0,0,0,0,0,0,0
"20140423","MW1007-38","B7","Bisindolymaleimide 1","10.00000","uM",0,0,0,0,0,0,0,0,0,0,0,0,0,0,0,0,0
"20140716","MW1007-26","B8","Bisindolymaleimide 1","10.00000","uM",1.71534,0.15,0,0,0,0,2.5,0,0,0,0,0,0,0,0,0,0
"20140730","MW1007-104","D7","Bisindolymaleimide 1","10.00000","uM",0,0,0,0,0,0,0,0,0,0,0,0,0,0,0,0,0
"20140716","MW1007-26","E8","Bisindolymaleimide 1","10.00000","uM",4.714482,10.184727,0.132896,230.770115,1.676594,180.557479,54,42,517.5,52.234337,0.73073,121.332947,415.873579,0.209993,173.206424,1.008467,0.024341
"20140716","MW1007-26","A6","Glyphosate","10.00000","uM",2.542635,5.475,0.160279,148.605107,1.288464,120.8305,30.5,15.5,436,26.717153,0.375802,75.835127,234.136264,0.112178,57.248175,0.596898,0.013849
"20140730","MW1007-104","B6","Glyphosate","10.00000","uM",2.693665,10.485231,0.200344,427.893115,1.396628,199.936167,50,43,136,49.90566,0.936998,71.96321,41.115385,0.09128,140.981132,1.168069,0.017863
"20140716","MW1007-26","D6","Glyphosate","10.00000","uM",3.015835,9.635227,0.183106,462.501045,1.699386,307.605227,51.5,45.5,162,47.47619,0.57078,140.079029,103.292556,0.10557,202.539683,1.796335,0.026093
"20140730","MW1007-104","E6","Glyphosate","10.00000","uM",4.036243,7.36,0.299423,325.654333,3.276,261.730667,48,41,102.5,34.817073,0.478166,45.638618,52.278125,0.168671,155.304878,0.814759,0.02073
"20140205","MW1007-26","D6","Loperamide","10.00000","uM",0,0,0,0,0,0,0,0,0,0,0,0,0,0,0,0,0
"20140212","MW1007-27","D6","Loperamide","10.00000","uM",0,0,0,0,0,0,0,0,0,0,0,0,0,0,0,0,0
"20140402","MW1007-27","D6","Loperamide","10.00000","uM",0,0,0,0,0,0,0,0,0,0,0,0,0,0,0,0,0
"20140423","MW1007-38","D6","Loperamide","10.00000","uM",0,0,0,0,0,0,0,0,0,0,0,0,0,0,0,0,0
"20140205","MW1007-26","E6","Mevastatin","10.00000","uM",16.687483,0.075,0,0,0,0,7,0,0,0,0,0,0,0,0,0.011977,0
"20140212","MW1007-27","E6","Mevastatin","10.00000","uM",0,0,0,0,0,0,0,0,0,0,0,0,0,0,0,0,0
"20140402","MW1007-27","E6","Mevastatin","10.00000","uM",2.408801,3.06,0.217696,18.3105,1.026,39.267,1.5,1.5,0,0,0,0,0,0,0,0,0
"20140423","MW1007-38","E6","Mevastatin","10.00000","uM",0,0,0,0,0,0,0,0,0,0,0,0,0,0,0,0,0
"20140730","MW1007-104","C8","Sodium Orthovanadate","10.00000","uM",8.455842,33.095,0.488326,490.02625,3.395,248.9335,24.5,22,17.5,16.071429,0.317921,6.62891,195.1875,0.038614,73.571429,0.211435,0.004441
"20140716","MW1007-26","C8","Sodium Orthovanadate","10.00000","uM",8.798376,15.736071,0.427816,162.509167,3.6145,46.027333,49.5,21,430,35.026786,0.423681,36.518551,452.150269,0.103791,91.778571,0.338688,0.016374
"20140212","MW1007-27","F6","Sodium Orthovanadate","10.00000","uM",5.145601,10.937473,0.292124,194.339083,2.262667,119.016,53,28.5,356.5,29.562579,0.449008,59.673353,268.6865,0.132627,82.831226,0.395264,0.017632
"20140402","MW1007-27","F6","Sodium Orthovanadate","10.00000","uM",7.00801,18.042143,0.165944,439.013824,1.840558,148.55047,99,82,308,74.63033,1.03223,129.163915,121.689318,0.419576,353.301351,2.156703,0.060017
"20140423","MW1007-38","F6","Sodium Orthovanadate","10.00000","uM",3.757271,6.731923,0.52261,237.526536,3.366786,260.123857,65.5,48,314,38.763221,0.533416,96.915314,78.138387,0.303878,101.308894,1.001872,0.019274
"20140205","MW1007-26","F7","Sodium Orthovanadate","10.00000","uM",10.370675,24.255357,0.439762,333.215518,3.659415,117.362866,90.5,63,464,46.544922,0.595668,56.338782,86.932704,0.230854,146.494141,0.696355,0.023945
"20140730","MW1007-104","F8","Sodium Orthovanadate","10.00000","uM",4.572957,11.4,0.052371,185.525,0.572667,45.988667,48,37.5,215,33.459302,0.379465,81.589408,25.480882,0.116858,162.296512,0.867218,0.028651
"20140716","MW1007-26","F8","Sodium Orthovanadate","10.00000","uM",12.740506,10.531875,0.429277,249.288875,127.555875,39.972,48,23,277.5,14.837838,0.120716,16.694065,7.209783,0.054814,27.445946,0.172193,0.005241
"20140716","MW1007-26","A8","Glyphosate","100.00000","uM",4.668237,11.994375,0.118426,243.741937,1.321969,141.015656,58.5,49,662,46.610034,0.482939,126.598751,68.522355,0.139735,159.070683,1.09229,0.033379
"20140730","MW1007-104","B8","Glyphosate","100.00000","uM",0,0,0,0,0,0,0,0,0,0,0,0,0,0,0,0,0
"20140716","MW1007-26","D8","Glyphosate","100.00000","uM",6.348265,10.471615,0.488531,250.945583,3.507083,309.621417,54.5,35,154,42.644737,0.561044,66.491377,150.942667,0.16531,186.388158,0.669088,0.018577
"20140730","MW1007-104","E8","Glyphosate","100.00000","uM",8.122901,20.64,0.273992,383.430583,3.082417,177.101167,64.5,58.5,342.5,63.086927,1.08618,110.297776,173.988426,0.322829,243.778899,1.763577,0.056726
"20140205","MW1007-26","A5","Acetaminophen","3.00000","uM",8.75323,13.202,0.219446,426.495233,4.0716,185.913867,97.5,84,286.5,79.490794,1.385903,84.301823,147.301097,0.84911,322.841493,1.587411,0.046205
"20140212","MW1007-27","A5","Acetaminophen","3.00000","uM",0,0,0,0,0,0,0,0,0,0,0,0,0,0,0,0,0
"20140402","MW1007-27","A5","Acetaminophen","3.00000","uM",9.277072,17.87,0.194988,670.355629,3.665638,367.80408,133.5,131,362.5,120.191188,1.851548,179.559264,341.129468,0.579235,871.582536,3.252204,0.085378
"20140423","MW1007-38","A5","Acetaminophen","3.00000","uM",5.889442,12.439875,0.273072,343.144415,2.396857,251.969973,89,78,690,62.967558,0.653143,159.164105,118.933136,0.311106,196.060384,1.603387,0.044555
"20140730","MW1007-104","A6","Bisindolymaleimide 1","3.00000","uM",0,0,0,0,0,0,0,0,0,0,0,0,0,0,0,0,0
"20140205","MW1007-26","B6","Bisindolymaleimide 1","3.00000","uM",1.950839,3.822667,0.159619,258.086571,1.901314,244.779257,45,42.5,71,50.285714,0.78218,53.041596,225.161288,0.212241,162.821429,0.808253,0.005543
"20140716","MW1007-26","B6","Bisindolymaleimide 1","3.00000","uM",2.358465,5.682,0.096834,177.200808,0.848692,261.525423,30,27,91.5,39.176471,0.597039,46.228743,444.3795,0.181006,105.779412,0.616439,0.00824
"20140212","MW1007-27","B6","Bisindolymaleimide 1","3.00000","uM",0.652742,0.578571,0.069499,106.932,0.462,107.25,13,3,7.5,12.6,0.144036,8.927173,193.3125,0.01252,22.8,0.103473,0
"20140402","MW1007-27","B6","Bisindolymaleimide 1","3.00000","uM",3.247348,5.706202,0.254062,436.69695,3.405243,358.323161,66.5,61,124,57,0.919572,59.568128,275.010385,0.277303,273.090909,1.306808,0.022127
"20140423","MW1007-38","B6","Bisindolymaleimide 1","3.00000","uM",1.464957,5.046923,0.180821,249.678654,1.457404,228.370173,27,24.5,55.5,32.694444,0.409634,49.311935,342.792308,0.129441,92.138889,0.552322,0.004726
"20140730","MW1007-104","D6","Bisindolymaleimide 1","3.00000","uM",1.281761,4.04,0.051661,211.4425,0.737833,89.024167,37.5,37.5,72.5,33.189655,0.565859,56.324823,71.776786,0.218542,134.655172,0.907817,0.013327
"20140716","MW1007-26","E6","Bisindolymaleimide 1","3.00000","uM",3.518964,3.7925,0.053015,77.244833,0.587,37.5325,28,13.5,77,38.744186,0.580305,37.474487,453.603571,0.130711,106.348837,0.372416,0.005518
"20140716","MW1007-26","A5","Glyphosate","3.00000","uM",10.278683,21.600286,0.353747,371.702077,5.963846,131.305215,63.5,59,312.5,50.518866,0.657015,89.538733,51.144318,0.188422,213.690295,1.114334,0.037052
"20140730","MW1007-104","B5","Glyphosate","3.00000","uM",9.766478,27.01775,0.269103,404.699281,2.488906,114.175313,97.5,89,435,67.332895,1.4047,89.879627,74.072536,0.36374,232.019737,1.274641,0.041583
"20140716","MW1007-26","D5","Glyphosate","3.00000","uM",2.606625,5.88,0.216955,379.603458,2.106375,390.546083,34.5,27.5,92.5,37.7375,0.45615,88.929256,171.020833,0.134172,99.858929,1.205754,0.009635
"20140730","MW1007-104","E5","Glyphosate","3.00000","uM",5.965952,7.383,0.333633,347.870344,4.73724,266.931563,75,64.5,135,71.175,1.048733,52.943233,351.521368,0.271303,212.725,0.842729,0.017053
"20140205","MW1007-26","D5","Loperamide","3.00000","uM",0.399943,2.050714,0.07144,121.438071,0.565286,78.131036,21,21,75,19.68,0.110879,83.245614,24.235714,0.03386,56.94,0.737315,0.005558
"20140212","MW1007-27","D5","Loperamide","3.00000","uM",0,0,0,0,0,0,0,0,0,0,0,0,0,0,0,0,0
"20140402","MW1007-27","D5","Loperamide","3.00000","uM",0,0,0,0,0,0,0,0,0,0,0,0,0,0,0,0,0
"20140423","MW1007-38","D5","Loperamide","3.00000","uM",0,0,0,0,0,0,0,0,0,0,0,0,0,0,0,0,0
"20140205","MW1007-26","E5","Mevastatin","3.00000","uM",5.213437,14.74,0.533406,253.5795,2.7955,87.6035,23,6,0,0,0,0,0,0,0,-0.006719,1e-06
"20140212","MW1007-27","E5","Mevastatin","3.00000","uM",23.963563,16.71,0.442617,280.272,19.5485,95.26375,7,5.5,0,0,0,0,0,0,0,0.007091,5e-06
"20140402","MW1007-27","E5","Mevastatin","3.00000","uM",9.426868,10.984091,0.489642,206.001409,3.678545,186.479273,28.5,21,58.5,15.807692,0.345123,34.055841,33.511184,0.240988,59.423077,0.538972,0.008132
"20140423","MW1007-38","E5","Mevastatin","3.00000","uM",11.3803,0.15,0,0,0,0,4.5,0,0,0,0,0,0,0,0,0,0
"20140730","MW1007-104","C7","Sodium Orthovanadate","3.00000","uM",9.844117,17.69125,0.989422,352.572469,5.583687,304.399937,63.5,56.5,256.5,63.309278,0.861435,100.604551,780.455469,0.284122,213.569588,1.281212,0.037072
"20140716","MW1007-26","C7","Sodium Orthovanadate","3.00000","uM",8.944016,11.564308,0.189352,456.835102,2.133849,330.064816,65.5,55.5,196.5,64.384615,0.802576,105.496348,81.808874,0.159408,272.598635,1.258506,0.032079
"20140212","MW1007-27","F5","Sodium Orthovanadate","3.00000","uM",11.245554,13.36619,0.490357,400.127818,56.349212,108.021659,51.5,33.5,363.5,35.795852,0.49091,44.583083,283.780545,0.163745,104.534662,0.34209,0.011511
"20140402","MW1007-27","F5","Sodium Orthovanadate","3.00000","uM",13.747492,21.177955,0.424282,327.468199,4.464108,179.687375,47.5,38.5,156,43.23258,0.681653,80.655242,118.984284,0.176445,168.813559,1.114901,0.026656
"20140423","MW1007-38","F5","Sodium Orthovanadate","3.00000","uM",3.988838,3.535714,0.098488,260.021875,1.20975,198.903625,25,11,37.5,11.82,0.161277,32.119351,53.846875,0.035918,29.28,0.560547,0
"20140205","MW1007-26","F6","Sodium Orthovanadate","3.00000","uM",16.027522,25.046558,0.633781,436.64948,5.846067,206.393135,90.5,79,408.5,62.833849,1.473405,65.050828,213.031305,0.512758,228.452872,1.251789,0.044213
"20140730","MW1007-104","F7","Sodium Orthovanadate","3.00000","uM",6.00392,6.75,0.314667,143.88,9.2475,10.3525,2.5,2.5,0,0,0,0,0,0,0,0,0
"20140716","MW1007-26","F7","Sodium Orthovanadate","3.00000","uM",9.659579,14.373312,0.621048,213.697864,6.177788,303.721075,56.5,45.5,150.5,40.042129,0.787948,29.68331,197.324074,0.407428,145.956208,0.354377,0.01278
"20140205","MW1007-26","A7","Acetaminophen","30.00000","uM",7.297198,20.555625,0.22931,450.362885,2.99076,189.705385,100,85.5,518.5,77.628808,1.021364,130.132397,102.295305,0.371026,266.176651,1.771004,0.059591
"20140212","MW1007-27","A7","Acetaminophen","30.00000","uM",8.785789,19.922232,0.36219,389.053573,4.400812,141.135115,75.5,63.5,645,34.933845,0.453538,79.590984,48.005451,0.245047,109.974595,0.874978,0.032355
"20140402","MW1007-27","A7","Acetaminophen","30.00000","uM",10.319876,18.23125,0.316605,580.446696,4.913223,332.909232,106.5,102,262,99.753106,1.287425,102.381544,647.168478,0.449061,498.109472,2.402549,0.070513
"20140423","MW1007-38","A7","Acetaminophen","30.00000","uM",3.772894,9.741189,0.215167,289.192333,1.513556,282.046625,51,42.5,276,39.914729,0.56083,92.246762,81.124414,0.140073,113.29105,1.07879,0.019858
"20140716","MW1007-26","A7","Glyphosate","30.00000","uM",12.753602,26.745769,0.47553,394.85275,25.496125,149.703375,38.5,30,124.5,29.621795,0.481948,32.713302,642.575,0.129531,90.365385,0.360791,0.008684
"20140730","MW1007-104","B7","Glyphosate","30.00000","uM",9.50627,26.049,0.330132,365.86,3.292917,90.177917,75,58.5,257,49.4,1.01257,92.809301,544.951263,0.233672,185.4,1.184038,0.034871
"20140716","MW1007-26","D7","Glyphosate","30.00000","uM",1.268256,4.208571,0.110463,315.009917,0.879417,226.8,48,38.5,131,50.181698,0.344778,220.450861,103.259774,0.0542,187.814324,2.120926,0.010822
"20140730","MW1007-104","E7","Glyphosate","30.00000","uM",0,0,0,0,0,0,0,0,0,0,0,0,0,0,0,0,0
"20140205","MW1007-26","D7","Loperamide","30.00000","uM",0,0,0,0,0,0,0,0,0,0,0,0,0,0,0,0,0
"20140212","MW1007-27","D7","Loperamide","30.00000","uM",0,0,0,0,0,0,0,0,0,0,0,0,0,0,0,0,0
"20140402","MW1007-27","D7","Loperamide","30.00000","uM",0,0,0,0,0,0,0,0,0,0,0,0,0,0,0,0,0
"20140423","MW1007-38","D7","Loperamide","30.00000","uM",0,0,0,0,0,0,0,0,0,0,0,0,0,0,0,0,0
"20140205","MW1007-26","E7","Mevastatin","30.00000","uM",0,0,0,0,0,0,0,0,0,0,0,0,0,0,0,0,0
"20140212","MW1007-27","E7","Mevastatin","30.00000","uM",0,0,0,0,0,0,0,0,0,0,0,0,0,0,0,0,0
"20140402","MW1007-27","E7","Mevastatin","30.00000","uM",0,0,0,0,0,0,0,0,0,0,0,0,0,0,0,0,0
"20140423","MW1007-38","E7","Mevastatin","30.00000","uM",0,0,0,0,0,0,0,0,0,0,0,0,0,0,0,0,0
"20140212","MW1007-27","F7","Sodium Orthovanadate","30.00000","uM",7.644754,17.16,0.57215,163.089167,4.099833,27.077833,28.5,12,0,0,0,0,0,0,0,0.001156,4.5e-05
"20140402","MW1007-27","F7","Sodium Orthovanadate","30.00000","uM",7.767948,22.170536,0.609793,390.502396,4.066271,202.154396,90.5,63,207,50.398504,0.749576,45.464824,86.339935,0.20558,142.084402,0.572777,0.010143
"20140423","MW1007-38","F7","Sodium Orthovanadate","30.00000","uM",0,0,0,0,0,0,0,0,0,0,0,0,0,0,0,0,0
