"date","Plate.SN","well","treatment","dose","units","wllq","wllq_notes","meanfiringrate_auc","burst.per.min_auc","mean.isis_auc","per.spikes.in.burst_auc","mean.dur_auc","mean.IBIs_auc","nAE_auc","nABE_auc","ns.n_auc","ns.peak.m_auc","ns.durn.m_auc","ns.percent.of.spikes.in.ns_auc","ns.mean.insis_auc","ns.durn.sd_auc","ns.mean.spikes.in.ns_auc","r_auc","mi_auc"
"20140205","MW1007-26","A1","Acetaminophen","0.00000","uM","1","",10.48128,19.889732,0.259343,437.522844,5.006357,197.801098,104.5,92,349.5,84.40207,1.454924,80.331156,169.394696,0.641612,375.769904,1.693499,0.057473
"20140212","MW1007-27","A1","Acetaminophen","0.00000","uM","1","",9.909045,14.246477,0.403734,220.491573,3.656073,210.002964,83.5,60,621.5,58.710697,0.865477,69.511771,653.924078,0.27506,150.299195,0.645984,0.026745
"20140402","MW1007-27","A1","Acetaminophen","0.00000","uM","1","",11.603825,23.172833,0.325313,576.417724,4.593498,274.910392,116.5,111.5,423,92.511732,1.522071,106.025405,348.529007,0.71275,381.567256,2.163689,0.086863
"20140423","MW1007-38","A1","Acetaminophen","0.00000","uM","1","",7.695334,15.251883,0.241868,350.177581,2.537235,147.141278,65.5,48,452,53.441667,0.683381,104.377919,258.108109,0.241783,147.005882,1.30802,0.03662
"20140205","MW1007-26","A8","Acetaminophen","0.00000","uM","1","",7.918574,15.013558,0.219252,375.883631,2.999475,203.675575,92.5,84,346.5,78.673334,1.039932,111.490812,150.553954,0.437838,327.095437,1.700309,0.055343
"20140212","MW1007-27","A8","Acetaminophen","0.00000","uM","1","",6.56774,11.625,0.306648,159.869667,2.420167,173.402167,40,26,203,32.227679,0.440924,37.4751,175.489501,0.130354,85.044643,0.415767,0.007834
"20140402","MW1007-27","A8","Acetaminophen","0.00000","uM","1","",8.3722,15.024,0.239071,606.68781,4.722511,462.486758,110.5,94.5,364.5,97.382145,1.650375,140.249368,363.598616,0.825953,413.355714,2.492339,0.073535
"20140423","MW1007-38","A8","Acetaminophen","0.00000","uM","1","",5.376229,11.757078,0.176814,386.297496,1.558235,261.817165,62.5,54.5,562.5,54.595575,0.636406,137.76691,175.987907,0.256219,178.757227,1.686846,0.04556
"20140730","MW1007-104","A1","Bisindolymaleimide 1","0.00000","uM","1","DIV9 estimated as median from corresponding wells of 20140205_MW1007-26,20140212_MW1007-27,20140402_MW1007-27,20140423_MW1007-38,20140716_MW1007-26; ",3.937715,8.863846,0.120755,260.247875,2.011078,141.490451,54.5,50.5,212.5,43.513235,0.593435,74.531887,73.477157,0.229358,162.042857,1.049245,0.0269
"20140730","MW1007-104","A8","Bisindolymaleimide 1","0.00000","uM","1","DIV9 estimated as median from corresponding wells of 20140205_MW1007-26,20140212_MW1007-27,20140402_MW1007-27,20140423_MW1007-38,20140716_MW1007-26; ",3.790973,7.665,0.172638,231.039,2.467203,142.713993,53,46,133,44.227124,0.623736,45.030427,102.28917,0.221871,144.767857,0.741634,0.016431
"20140205","MW1007-26","B1","Bisindolymaleimide 1","0.00000","uM","1","",15.236158,28.845,0.604673,571.677406,10.321469,162.731219,108.5,98.5,512.5,81.966693,1.249915,77.563551,146.892449,0.860349,293.706198,1.650609,0.068719
"20140716","MW1007-26","B1","Bisindolymaleimide 1","0.00000","uM","1","",5.66897,8.355333,0.26235,385.140321,2.155286,368.647393,53.5,40.5,180,41.916667,0.483334,69.716597,126.920093,0.107167,138.377778,0.794578,0.018477
"20140212","MW1007-27","B1","Bisindolymaleimide 1","0.00000","uM","1","",8.793157,15.971868,0.544887,227.934523,5.206321,127.174412,69,50.5,741.5,34.600941,0.441194,72.384032,39.554086,0.28684,82.640871,0.515811,0.024172
"20140402","MW1007-27","B1","Bisindolymaleimide 1","0.00000","uM","1","",8.189746,15.091193,0.34605,552.496906,4.672625,315.8865,123.5,108.5,273,105.719619,1.479793,134.948924,138.533723,0.391253,495.355297,2.531862,0.078644
"20140423","MW1007-38","B1","Bisindolymaleimide 1","0.00000","uM","1","",3.0376,7.134231,0.112627,265.794363,1.090297,136.299022,48.5,37,226,49.351648,0.763218,102.040754,78.549755,0.177193,140.56044,1.129691,0.019155
"20140716","MW1007-26","B7","Bisindolymaleimide 1","0.00000","uM","0","misdosed; ",0.747601,2.43,0.04741,131.8545,0.540375,24.108,13.5,6,82.5,12.081818,0.190417,32.636733,23.709722,0.048258,24.845455,0.2451,0.003366
"20140205","MW1007-26","B8","Bisindolymaleimide 1","0.00000","uM","1","",13.935357,26.929875,0.472233,423.986375,5.730542,247.993135,91.5,81,356,68.036826,0.973457,72.690105,233.965919,0.38144,208.344204,1.21655,0.033881
"20140212","MW1007-27","B8","Bisindolymaleimide 1","0.00000","uM","1","",10.391221,19.8875,0.544591,305.592,5.749422,126.090244,68,49,689,42.704518,0.520687,76.640447,129.96008,0.230184,123.306128,0.739313,0.026999
"20140402","MW1007-27","B8","Bisindolymaleimide 1","0.00000","uM","1","",9.403027,18.391875,0.415234,548.238272,5.403179,304.285906,108.5,102,429.5,96.399499,1.335349,114.887473,464.929696,0.591552,349.307581,2.1195,0.066681
"20140423","MW1007-38","B8","Bisindolymaleimide 1","0.00000","uM","1","",1.877738,5.805,0.15941,232.990917,0.96025,161.7575,25.5,18.5,109.5,27.821429,0.370114,55.975811,344.814113,0.090826,63.571429,0.816485,0.006388
"20140730","MW1007-104","D1","Bisindolymaleimide 1","0.00000","uM","1","DIV9 estimated as median from corresponding wells of 20140205_MW1007-26,20140212_MW1007-27,20140402_MW1007-27,20140423_MW1007-38,20140716_MW1007-26; ",6.413213,12.384375,0.252615,360.778333,2.937503,224.507426,69,61,274,48.131624,0.607336,86.51396,67.959507,0.253375,188.325708,1.301877,0.040311
"20140730","MW1007-104","D8","Bisindolymaleimide 1","0.00000","uM","1","DIV9 estimated as median from corresponding wells of 20140205_MW1007-26,20140212_MW1007-27,20140402_MW1007-27,20140423_MW1007-38,20140716_MW1007-26; ",6.980844,12.512597,0.327724,367.85759,3.904421,204.205775,85.5,64,393,61.169005,0.806913,68.268713,552.558516,0.303486,163.421703,1.01522,0.026426
"20140716","MW1007-26","E1","Bisindolymaleimide 1","0.00000","uM","1","",8.647648,14.259732,0.278668,314.965687,3.914031,296.453354,78,69.5,363,66.174855,0.922375,92.683595,185.803297,0.283414,298.867258,1.204828,0.049895
"20140716","MW1007-26","E8","Bisindolymaleimide 1","0.00000","uM","1","",4.721233,10.225636,0.132865,230.976017,1.676248,180.557363,54,42,517.5,52.234337,0.73073,121.481894,415.873579,0.209993,173.206424,1.010021,0.024395
"20140205","MW1007-26","C1","Domoic Acid","0.00000","uM","1","",13.074068,29.256875,0.521601,467.540781,4.972187,194.898052,99.5,90.5,412,81.3916,1.084171,107.916579,142.422158,0.486106,281.944927,1.607127,0.054518
"20140212","MW1007-27","C1","Domoic Acid","0.00000","uM","1","",7.4485,12.372462,0.325714,349.064367,3.906667,169.570222,67.5,49,438.5,58.397693,0.771235,78.38389,105.713897,0.204933,172.562314,0.933161,0.026343
"20140402","MW1007-27","C1","Domoic Acid","0.00000","uM","1","",8.784096,22.008068,0.454955,474.434594,4.565125,344.867906,96,85,261,84.483542,1.19651,114.14606,218.252847,0.361712,384.055643,1.73933,0.053709
"20140423","MW1007-38","C1","Domoic Acid","0.00000","uM","1","",5.483936,8.23,0.150686,261.006714,1.451571,234.715143,39,27,173.5,28.323385,0.655678,67.349692,153.838731,0.195678,97.64993,1.004154,0.023385
"20140205","MW1007-26","C8","Domoic Acid","0.00000","uM","1","",9.178721,19.520875,0.58534,492.28613,5.06949,245.472704,106.5,95,315.5,83.684431,1.086807,117.334106,139.756507,0.385201,322.971741,1.902453,0.053815
"20140212","MW1007-27","C8","Domoic Acid","0.00000","uM","1","",3.813754,4.752857,0.050737,70.157036,0.504429,53.316,38,21,78,50.107143,0.415296,116.211217,380.74878,0.070315,216.583333,0.950066,0.006478
"20140402","MW1007-27","C8","Domoic Acid","0.00000","uM","1","",10.983592,17.916375,0.419574,485.335943,4.867637,349.238175,109,97.5,285,83.258205,1.170579,106.231258,154.236885,0.573638,448.441744,2.083059,0.077354
"20140423","MW1007-38","C8","Domoic Acid","0.00000","uM","1","",3.918474,7.260513,0.101028,264.626625,0.72,150.128042,46,33,218,46.338683,0.445777,121.32919,101.971805,0.07978,117.21922,1.227642,0.012877
"20140716","MW1007-26","A1","Glyphosate","0.00000","uM","1","",13.97617,28.821231,0.315887,282.369492,3.608831,219.345769,69.5,65,889.5,59.157239,0.845607,92.748954,263.207947,0.293744,198.270231,0.977998,0.048222
"20140730","MW1007-104","B1","Glyphosate","0.00000","uM","1","DIV9 estimated as median from corresponding wells of 20140205_MW1007-26,20140212_MW1007-27,20140402_MW1007-27,20140423_MW1007-38,20140716_MW1007-26; ",6.387664,17.49,0.249533,386.512225,2.814953,147.151101,69,60.5,281,57.569943,1.033296,88.935767,582.533164,0.384275,193.170296,1.258905,0.033075
"20140716","MW1007-26","D1","Glyphosate","0.00000","uM","1","",6.956199,17.236136,0.197487,424.850179,2.176356,237.872564,88.5,75.5,296,76.923758,0.875484,126.079511,204.048967,0.232212,415.708569,1.83756,0.066855
"20140730","MW1007-104","E1","Glyphosate","0.00000","uM","1","DIV9 estimated as median from corresponding wells of 20140205_MW1007-26,20140212_MW1007-27,20140402_MW1007-27,20140423_MW1007-38,20140716_MW1007-26; ",11.972416,19.08,0.249308,352.134714,3.542775,182.691362,66.5,61.5,439.5,57.122984,0.882826,90.255049,321.029423,0.365967,196.686776,1.346837,0.043478
"20140205","MW1007-26","D1","Loperamide","0.00000","uM","1","",8.203219,17.532857,0.237527,400.503125,4.047156,231.674354,104.5,88,366.5,81.538073,1.009433,85.124025,196.106147,0.429153,278.582379,1.470384,0.047577
"20140212","MW1007-27","D1","Loperamide","0.00000","uM","1","",7.838013,11.48625,0.237592,207.839533,3.3967,106.198383,62,37.5,452,37.092754,0.68124,51.263597,165.514253,0.257102,103.75668,0.4392,0.018305
"20140402","MW1007-27","D1","Loperamide","0.00000","uM","1","",8.702055,17.362023,0.554311,580.665257,8.680743,224.39825,94.5,80.5,238.5,73.599689,1.124318,120.171757,182.696172,0.447255,328.892236,1.583146,0.055389
"20140423","MW1007-38","D1","Loperamide","0.00000","uM","1","",8.918957,12.258214,0.223855,442.334736,2.054123,251.6626,59.5,54,188.5,54.494505,0.960974,80.446409,435.779167,0.190462,184.050824,1.441367,0.027123
"20140205","MW1007-26","D8","Loperamide","0.00000","uM","1","",13.019591,28.757846,0.54461,513.487967,5.721733,149.387333,101,86.5,450,71.18465,1.354559,76.753954,173.516896,0.551956,236.742021,1.376747,0.054759
"20140212","MW1007-27","D8","Loperamide","0.00000","uM","1","",9.839986,13.519595,0.319542,354.128357,3.995821,232.565071,73,54,598,62.362772,0.727144,71.738493,691.42248,0.217204,203.719203,0.859485,0.031723
"20140402","MW1007-27","D8","Loperamide","0.00000","uM","1","",9.873786,17.887875,0.459014,483.904281,5.392156,341.481794,114.5,107,320,106.015738,1.404149,100.648383,507.467005,0.538706,394.047706,1.909532,0.062024
"20140423","MW1007-38","D8","Loperamide","0.00000","uM","1","",4.511786,10.657857,0.185393,385.409918,1.826975,306.772902,71,63.5,548.5,61.031045,0.722309,125.93172,244.025192,0.276459,167.716548,1.561976,0.037269
"20140205","MW1007-26","E1","Mevastatin","0.00000","uM","1","",13.897889,28.60425,0.522415,614.689382,15.632682,157.92214,119,99.5,391.5,81.447559,1.326943,79.406387,155.370154,0.545376,273.056259,1.340797,0.047243
"20140212","MW1007-27","E1","Mevastatin","0.00000","uM","1","",8.341759,13.625151,0.471923,279.66696,5.252159,169.757844,73,55.5,556.5,50.17094,0.559799,55.663632,176.861461,0.229973,129.850427,0.553542,0.017079
"20140402","MW1007-27","E1","Mevastatin","0.00000","uM","1","",11.424807,20.128125,0.370209,598.005267,6.152351,303.498184,126,118.5,477,108.062997,1.541348,99.268005,334.931536,0.686662,314.314428,2.314809,0.073342
"20140423","MW1007-38","E1","Mevastatin","0.00000","uM","1","",6.083119,9.675974,0.200591,286.636269,1.830179,262.181687,61,57,284,60.540973,0.973096,101.64451,318.99653,0.236518,175.790013,1.373427,0.027059
"20140205","MW1007-26","E8","Mevastatin","0.00000","uM","1","",15.673435,28.44,0.613444,460.288421,7.430348,278.169242,111,101.5,626,75.922312,1.041062,71.205472,128.395561,0.540767,254.234561,1.413435,0.061821
"20140212","MW1007-27","E8","Mevastatin","0.00000","uM","1","",11.092144,20.543692,0.431078,251.86965,3.8775,144.9582,69.5,51.5,870.5,51.207523,0.656444,70.830884,59.463231,0.294062,124.856131,0.599908,0.02717
"20140402","MW1007-27","E8","Mevastatin","0.00000","uM","1","",7.304648,15.277375,0.409817,568.011006,5.547335,328.241465,111.5,104,220.5,109.295379,1.491306,114.434773,417.864858,0.585542,409.337356,2.177746,0.051398
"20140423","MW1007-38","E8","Mevastatin","0.00000","uM","1","",3.275799,5.780769,0.194862,233.937917,2.165208,186.22675,39,33,123,36.223911,0.607157,58.794328,130.666848,0.150557,111.553698,0.780387,0.010065
"20140730","MW1007-104","C1","Sodium Orthovanadate","0.00000","uM","1","DIV9 estimated as median from corresponding wells of 20140205_MW1007-26,20140212_MW1007-27,20140402_MW1007-27,20140423_MW1007-38,20140716_MW1007-26; ",10.172398,21.812922,0.209938,407.103979,3.10946,156.032554,83,73.5,354.5,68.465433,1.092519,81.176018,131.898088,0.47865,263.775,1.53251,0.057133
"20140716","MW1007-26","C1","Sodium Orthovanadate","0.00000","uM","1","",5.810265,14.281286,0.136152,434.8695,1.647945,195.875835,78.5,67.5,304.5,73.391837,0.813538,160.430423,168.773479,0.2026,383.338605,2.204439,0.054341
"20140730","MW1007-104","F1","Sodium Orthovanadate","0.00000","uM","1","DIV9 estimated as median from corresponding wells of 20140205_MW1007-26,20140212_MW1007-27,20140402_MW1007-27,20140423_MW1007-38,20140716_MW1007-26; ",6.33752,14.501875,0.246072,352.529281,2.884623,220.584197,83,74.5,328,68.243157,0.982109,86.077411,376.874557,0.330348,213.612376,1.450369,0.045297
"20140205","MW1007-26","F1","Sodium Orthovanadate","0.00000","uM","1","",11.455888,20.721964,0.551765,373.419951,5.527982,263.433964,102,80.5,253.5,74.851792,0.929853,66.284972,303.105026,0.294111,284.771279,1.210198,0.038886
"20140716","MW1007-26","F1","Sodium Orthovanadate","0.00000","uM","1","",6.814287,11.548286,0.333587,249.881371,3.423171,262.451486,67.5,51,336,60.642912,0.806044,73.817819,455.725218,0.214309,200.599619,0.718976,0.025074
"20140212","MW1007-27","F1","Sodium Orthovanadate","0.00000","uM","1","",4.56543,8.97375,0.201222,184.6265,1.80275,125.34375,37,21.5,114.5,28.238095,0.607592,30.345907,319.750864,0.109856,75.425595,0.438465,0.006919
"20140402","MW1007-27","F1","Sodium Orthovanadate","0.00000","uM","1","",7.078905,12.463333,0.27234,394.030343,3.359764,183.132393,57.5,40.5,180,47.999528,1.193663,77.437992,282.396818,0.398296,178.229662,1.044218,0.024073
"20140423","MW1007-38","F1","Sodium Orthovanadate","0.00000","uM","1","",5.991704,12.964286,0.208009,324.218236,1.915136,191.482718,66,54,606.5,62.382461,0.806594,129.897746,233.504591,0.21627,167.907886,1.383404,0.037723
"20140205","MW1007-26","F8","Sodium Orthovanadate","0.00000","uM","1","",13.116886,21.820673,0.635739,479.600897,12.081518,232.71096,110,88,244,64.091994,1.596043,71.251366,651.056163,0.772839,245.577923,1.12352,0.031844
"20140212","MW1007-27","F8","Sodium Orthovanadate","0.00000","uM","1","",11.35604,21.308482,0.376813,370.03932,8.282723,129.084119,77,65,901.5,56.928274,0.749695,102.110381,298.304243,0.30505,144.209061,1.045625,0.046426
"20140402","MW1007-27","F8","Sodium Orthovanadate","0.00000","uM","1","",14.079767,24.046339,0.460501,615.167194,14.86076,230.787585,113.5,101.5,299.5,83.81259,1.190122,97.531913,147.688265,0.547653,441.946429,2.239408,0.084589
"20140423","MW1007-38","F8","Sodium Orthovanadate","0.00000","uM","1","",3.798884,11.415,0.206044,342.692693,1.348773,278.409136,54.5,49.5,399.5,43.909206,0.526278,125.469076,75.016849,0.130487,118.73956,1.377422,0.019012
"20140205","MW1007-26","C2","Domoic Acid","0.00030","uM","0","Not included in published data because N=1 for this dose; ",15.843334,29.01,0.408608,519.428635,5.806448,237.231031,121,103.5,518,81.232819,1.17979,96.056555,149.678184,0.57398,372.534352,1.960826,0.091361
"20140205","MW1007-26","C3","Domoic Acid","0.00100","uM","0","Not included in published data because N=1 for this dose; ",11.011294,17.969214,0.532589,428.728108,4.275669,335.492618,98,93.5,322,79.272968,1.135516,150.777727,175.699405,0.545537,343.607629,1.964789,0.053699
"20140212","MW1007-27","C2","Domoic Acid","0.00300","uM","1","",8.70404,16.938823,0.407817,299.166271,4.283813,145.891448,86,62,511.5,52.364978,0.746917,61.812512,221.265371,0.32498,114.929298,0.751319,0.025169
"20140402","MW1007-27","C2","Domoic Acid","0.00300","uM","1","",10.180344,16.748125,0.229446,610.423196,4.729326,388.127513,126,116,303,124.002145,1.66879,127.827744,375.995188,0.630214,607.338757,3.010074,0.109593
"20140423","MW1007-38","C2","Domoic Acid","0.00300","uM","1","",5.546364,10.299,0.189485,373.15075,2.47025,271.35725,63.5,59,381.5,60.532402,0.931631,111.672289,213.780864,0.241046,236.423055,1.648006,0.04198
"20140205","MW1007-26","C4","Domoic Acid","0.00300","uM","1","",11.209297,19.126875,0.511446,471.013332,6.579825,274.491098,114.5,99.5,178.5,90.683871,1.124369,108.357093,275.259486,0.371005,569.457706,1.916768,0.055567
"20140212","MW1007-27","C3","Domoic Acid","0.01000","uM","1","",5.729622,10.322762,0.30615,373.377542,3.178483,266.806367,78,60.5,262,58.764844,0.973417,72.525654,273.657765,0.419857,185.459375,0.918847,0.023224
"20140402","MW1007-27","C3","Domoic Acid","0.01000","uM","1","",10.779242,18.72,0.409344,534.778031,5.048406,270.929187,108.5,101,340.5,96.455418,1.223213,102.042678,434.01162,0.3996,407.717916,2.020857,0.062873
"20140423","MW1007-38","C3","Domoic Acid","0.01000","uM","1","",5.617634,12.709821,0.197624,369.464385,1.97251,266.067125,70.5,63,399,73.016982,0.853513,100.956353,322.107754,0.224756,288.644833,1.700032,0.040468
"20140205","MW1007-26","C5","Domoic Acid","0.01000","uM","1","",9.093466,21.994018,0.459328,546.081688,3.999708,220.406156,113.5,103.5,283.5,88.249603,1.004253,116.797518,166.304085,0.317295,527.061707,2.323615,0.068689
"20140730","MW1007-104","C2","Sodium Orthovanadate","0.01000","uM","1","DIV9 estimated as median from corresponding wells of 20140205_MW1007-26,20140212_MW1007-27,20140402_MW1007-27,20140423_MW1007-38,20140716_MW1007-26; ",3.858638,10.077221,0.202622,440.680389,2.353603,249.946608,75.25,67.5,214.25,68.512681,1.036567,121.590647,258.685694,0.274198,301.744262,1.743274,0.031483
"20140716","MW1007-26","C2","Sodium Orthovanadate","0.01000","uM","1","",5.813554,14.462067,0.322996,532.965654,15.4653,183.642341,68.5,61,206,82.889039,0.819017,141.774061,446.853956,0.151912,400.373765,2.24269,0.037124
"20140730","MW1007-104","F2","Sodium Orthovanadate","0.01000","uM","1","DIV9 estimated as median from corresponding wells of 20140205_MW1007-26,20140212_MW1007-27,20140402_MW1007-27,20140423_MW1007-38,20140716_MW1007-26; ",9.293677,15.585596,0.233997,405.266596,11.446772,199.575483,86.75,70,299.75,75.875734,1.107858,100.771651,216.267812,0.348834,325.396019,1.683393,0.045606
"20140716","MW1007-26","F2","Sodium Orthovanadate","0.01000","uM","1","",6.006974,15.4655,0.435018,270.349152,3.346911,121.290563,62.5,43,341.5,44.583871,0.57021,97.566795,96.244634,0.15545,182.441935,0.917316,0.030194
"20140730","MW1007-104","A2","Bisindolymaleimide 1","0.03000","uM","1","DIV9 estimated as median from corresponding wells of 20140205_MW1007-26,20140212_MW1007-27,20140402_MW1007-27,20140423_MW1007-38,20140716_MW1007-26; ",7.894886,13.594929,0.301927,355.538748,4.025123,186.23925,74,61.25,287.75,45.177192,0.573351,78.319388,76.048889,0.264781,187.260265,1.368753,0.040141
"20140205","MW1007-26","B2","Bisindolymaleimide 1","0.03000","uM","1","",10.958348,18.72025,0.519001,541.434724,10.204827,299.90544,109,91,300,83.859703,1.091267,101.488263,144.037984,0.4425,356.201049,1.809135,0.054565
"20140716","MW1007-26","B2","Bisindolymaleimide 1","0.03000","uM","1","",7.598222,13.956462,0.185206,256.280029,3.207841,149.687727,71,48.5,757.5,62.848441,0.780754,86.838625,563.574396,0.244126,211.825536,0.99073,0.038638
"20140212","MW1007-27","B2","Bisindolymaleimide 1","0.03000","uM","1","",11.530805,20.770714,0.507897,328.794277,5.110608,144.336785,75.5,59,521,51.124752,0.760592,60.968228,949.177076,0.27155,117.305941,0.573551,0.019336
"20140402","MW1007-27","B2","Bisindolymaleimide 1","0.03000","uM","1","",9.126816,15.414375,0.303784,603.507917,6.014521,383.381083,113.5,111,300.5,103.288752,1.33696,111.780108,418.623913,0.543122,472.401522,2.552912,0.077272
"20140423","MW1007-38","B2","Bisindolymaleimide 1","0.03000","uM","1","",6.895777,11.5425,0.146774,386.724786,2.006405,325.044571,66.5,57,515.5,52.718101,0.724067,142.127751,203.914952,0.316965,182.219902,1.62171,0.050144
"20140730","MW1007-104","D2","Bisindolymaleimide 1","0.03000","uM","1","DIV9 estimated as median from corresponding wells of 20140205_MW1007-26,20140212_MW1007-27,20140402_MW1007-27,20140423_MW1007-38,20140716_MW1007-26; ",7.284565,14.5425,0.212883,425.521484,3.587716,221.561192,82.5,76.25,255.25,69.470954,1.06022,89.462953,193.70962,0.349506,263.894872,1.805995,0.04712
"20140716","MW1007-26","E2","Bisindolymaleimide 1","0.03000","uM","1","",5.491259,12.131442,0.132452,468.509108,1.564295,200.792381,97.5,86,166.5,86.952174,1.008682,134.881004,198.619091,0.178188,527.632609,2.246107,0.050277
"20140212","MW1007-27","C4","Domoic Acid","0.03000","uM","1","",8.714641,12.861989,0.251707,322.063566,3.275194,247.768226,88.5,82,653,63.804755,0.833698,95.111165,165.769035,0.383995,171.918342,1.123115,0.034704
"20140402","MW1007-27","C4","Domoic Acid","0.03000","uM","1","",7.991675,13.444554,0.392286,500.273771,5.221542,486.950177,112,103,195,109.014118,1.361158,106.196813,640.437004,0.426381,688.985294,1.92025,0.051763
"20140423","MW1007-38","C4","Domoic Acid","0.03000","uM","1","",4.661281,9.71875,0.235027,328.793331,2.24351,383.751727,64,59,176.5,71.060861,0.675915,69.081153,447.181629,0.185261,261.456929,1.133487,0.022101
"20140205","MW1007-26","C6","Domoic Acid","0.03000","uM","1","",11.500181,18.862,0.499991,528.296167,17.011865,258.855396,114,95.5,188.5,85.468045,1.061228,67.189464,185.143512,0.350435,327.953008,1.5291,0.035077
"20140730","MW1007-104","C3","Sodium Orthovanadate","0.03000","uM","1","DIV9 estimated as median from corresponding wells of 20140205_MW1007-26,20140212_MW1007-27,20140402_MW1007-27,20140423_MW1007-38,20140716_MW1007-26; ",5.325476,12.069308,0.162442,467.134676,2.228799,223.805522,92,85,216,77.337154,1.133878,122.516834,157.5429,0.317183,368.640599,2.140161,0.043604
"20140716","MW1007-26","C3","Sodium Orthovanadate","0.03000","uM","1","",5.238172,9.89275,0.55348,347.143857,4.76081,443.100667,55.5,39.5,117,54.017522,0.784989,91.459625,1273.13159,0.198203,190.640801,1.225832,0.011401
"20140205","MW1007-26","F2","Sodium Orthovanadate","0.03000","uM","1","",10.683675,18.725,0.571886,444.317917,5.53274,224.703385,108,87,285.5,77.959397,1.36176,85.475787,131.913645,0.703816,304.070371,1.539334,0.050383
"20140730","MW1007-104","F3","Sodium Orthovanadate","0.03000","uM","1","DIV9 estimated as median from corresponding wells of 20140205_MW1007-26,20140212_MW1007-27,20140402_MW1007-27,20140423_MW1007-38,20140716_MW1007-26; ",9.748438,18.155625,0.224039,411.034107,3.516143,165.945942,98.5,87.5,423.5,78.96149,1.264915,89.828012,119.295576,0.368762,248.96379,1.597702,0.052891
"20140716","MW1007-26","F3","Sodium Orthovanadate","0.03000","uM","1","",9.924396,18.11,0.316376,324.2078,4.283467,215.8346,76,64,463,65.901897,0.81622,96.161264,288.074522,0.290674,204.201838,0.959843,0.030675
"20140205","MW1007-26","A2","Acetaminophen","0.10000","uM","1","",12.29898,24.803036,0.424877,566.997281,6.849938,213.152812,113.5,106,342,84.33638,1.04089,94.628451,124.396047,0.50002,379.54425,2.038369,0.068864
"20140212","MW1007-27","A2","Acetaminophen","0.10000","uM","1","",7.516971,12.0885,0.350245,250.060937,3.37819,281.864463,73.5,54.5,578.5,58.542507,0.634225,90.020953,603.760161,0.222666,160.668228,0.805525,0.026401
"20140402","MW1007-27","A2","Acetaminophen","0.10000","uM","1","",12.198768,20.80875,0.36444,632.795115,5.895885,306.278063,121,111,341.5,115.874747,1.576624,100.639632,320.620389,0.690356,500.213816,2.551574,0.094951
"20140423","MW1007-38","A2","Acetaminophen","0.10000","uM","1","",5.67724,13.8325,0.157085,344.889093,1.678129,263.128807,76,65.5,809,59.17709,0.655845,149.512679,152.732935,0.314232,168.645015,1.566584,0.049465
"20140730","MW1007-104","A3","Bisindolymaleimide 1","0.10000","uM","1","DIV9 estimated as median from corresponding wells of 20140205_MW1007-26,20140212_MW1007-27,20140402_MW1007-27,20140423_MW1007-38,20140716_MW1007-26; ",6.564648,13.306071,0.238711,365.756536,2.62671,181.020387,71.25,59.25,156.75,50.496354,0.640368,80.927583,92.841512,0.304482,246.274099,1.39517,0.036259
"20140205","MW1007-26","B3","Bisindolymaleimide 1","0.10000","uM","1","",12.539445,22.940625,0.541587,475.527921,6.366271,342.971535,114,99,397,83.40531,1.05237,112.913152,143.374727,0.485678,365.689491,1.812093,0.06309
"20140716","MW1007-26","B3","Bisindolymaleimide 1","0.10000","uM","1","",5.474348,9.123214,0.266255,323.113154,3.332942,363.016266,64,51.5,217.5,46.646429,0.536543,73.604668,106.794544,0.149835,180.02619,1.15076,0.02136
"20140212","MW1007-27","B3","Bisindolymaleimide 1","0.10000","uM","1","",8.744619,14.874519,0.435762,290.56015,4.592983,156.467508,68.5,54.5,371,33.901449,0.549447,37.810734,42.46671,0.358369,88.922191,0.426777,0.012693
"20140402","MW1007-27","B3","Bisindolymaleimide 1","0.10000","uM","1","",8.477487,9.8845,0.378083,569.995475,6.743127,386.089531,119,97.5,194,104.033188,1.547412,98.389094,520.803018,0.781783,496.80344,2.127825,0.064258
"20140423","MW1007-38","B3","Bisindolymaleimide 1","0.10000","uM","1","",5.279564,10.696071,0.163323,454.102889,2.424903,342.657559,78,70.5,457.5,69.89918,0.781833,162.972146,258.931959,0.26553,282.949932,2.156862,0.051536
"20140730","MW1007-104","D3","Bisindolymaleimide 1","0.10000","uM","1","DIV9 estimated as median from corresponding wells of 20140205_MW1007-26,20140212_MW1007-27,20140402_MW1007-27,20140423_MW1007-38,20140716_MW1007-26; ",8.472023,14.097321,0.215165,426.294728,3.707578,218.95041,102.25,89.75,281.75,79.325272,1.232492,97.791045,211.837084,0.413308,292.597361,1.718791,0.047013
"20140716","MW1007-26","E3","Bisindolymaleimide 1","0.10000","uM","1","",11.730614,16.964893,0.558996,381.455343,4.894929,368.765529,71.5,64,264.5,73.132491,0.877099,101.595283,498.316113,0.240306,346.083885,1.449731,0.043038
"20140212","MW1007-27","C5","Domoic Acid","0.10000","uM","1","",8.573553,15.123,0.298435,338.887267,5.0245,294.165467,66.5,49,252.5,40.280252,0.689285,37.342235,129.669492,0.254025,136.329832,0.598938,0.014458
"20140402","MW1007-27","C5","Domoic Acid","0.10000","uM","1","",7.856367,14.201346,0.396122,524.455948,4.858021,351.503802,102.5,93,159,98.747801,1.157792,114.729738,252.902275,0.320664,539.837359,2.041415,0.048286
"20140423","MW1007-38","C5","Domoic Acid","0.10000","uM","1","",7.712814,13.094,0.234002,341.3953,2.988655,335.5943,74.5,58,307,64.432786,0.772726,88.100324,280.91029,0.201585,302.846854,1.224484,0.031074
"20140205","MW1007-26","C7","Domoic Acid","0.10000","uM","1","",6.212089,11.514904,0.463569,475.990933,4.262567,316.863433,100,86.5,144.5,81.234962,1.238928,93.98481,236.342993,0.378646,412.091479,1.672565,0.032355
"20140716","MW1007-26","A2","Glyphosate","0.10000","uM","1","",9.203439,17.401875,0.244532,387.390021,3.876719,216.283146,86.5,69.5,522.5,69.786157,1.01004,107.622375,226.343169,0.3136,294.506078,1.421602,0.05901
"20140730","MW1007-104","B2","Glyphosate","0.10000","uM","1","DIV9 estimated as median from corresponding wells of 20140205_MW1007-26,20140212_MW1007-27,20140402_MW1007-27,20140423_MW1007-38,20140716_MW1007-26; ",5.643432,13.891769,0.186089,454.109084,2.451975,184.350411,86,72,281.75,76.628824,1.074559,135.219348,128.153629,0.367229,352.332451,1.824684,0.052435
"20140716","MW1007-26","D2","Glyphosate","0.10000","uM","1","",4.421785,10.167292,0.200926,433.015549,2.315951,301.770603,84.5,69,325.5,71.297133,0.783909,157.560835,263.021636,0.267482,306.384767,1.791724,0.041092
"20140730","MW1007-104","E2","Glyphosate","0.10000","uM","1","DIV9 estimated as median from corresponding wells of 20140205_MW1007-26,20140212_MW1007-27,20140402_MW1007-27,20140423_MW1007-38,20140716_MW1007-26; ",7.31121,17.348,0.239621,395.671857,3.021654,198.592027,81.5,75,334.75,75.172435,0.987169,125.722816,152.987243,0.273887,330.1649,1.687133,0.056668
"20140205","MW1007-26","D2","Loperamide","0.10000","uM","1","",12.20787,15.439732,0.360965,637.577455,24.717786,232.506241,107,97,267,85.078719,1.095275,109.538284,136.83006,0.515221,378.485879,2.169775,0.060399
"20140212","MW1007-27","D2","Loperamide","0.10000","uM","1","",7.346958,14.917286,0.314671,329.868968,3.542224,217.981993,87.5,65.5,497.5,56.779347,1.088617,72.08179,82.023522,0.313428,157.304475,0.774426,0.027273
"20140402","MW1007-27","D2","Loperamide","0.10000","uM","1","",5.332767,11.128125,0.324504,571.889893,4.141835,379.466085,108.5,97,193.5,81.351727,1.095584,130.856255,164.534317,0.481448,442.85961,2.013743,0.048959
"20140423","MW1007-38","D2","Loperamide","0.10000","uM","1","",4.625775,11.04975,0.142472,446.658871,1.844705,255.032549,84,75,351.5,77.466578,0.980262,125.549848,208.787664,0.298223,320.716104,1.878844,0.043479
"20140205","MW1007-26","E2","Mevastatin","0.10000","uM","1","",22.452027,21.841159,0.370746,651.611754,32.388181,234.422528,121.5,111.5,220,115.238406,2.530191,65.340265,372.323267,0.51299,671.760333,2.370891,0.099451
"20140212","MW1007-27","E2","Mevastatin","0.10000","uM","1","",12.903962,16.998125,0.369771,373.718996,6.451171,208.477734,82.5,69,375,61.42394,1.302152,48.383355,488.645794,0.390952,152.674829,0.616965,0.018666
"20140402","MW1007-27","E2","Mevastatin","0.10000","uM","1","",7.640172,14.61,0.24256,449.489383,3.653367,195.74915,58,45.5,202,53.999437,0.842935,108.387224,200.876451,0.164597,262.316352,1.343314,0.033033
"20140423","MW1007-38","E2","Mevastatin","0.10000","uM","1","",5.910349,15.180476,0.131711,492.172905,1.810909,179.734288,57.5,54.5,374.5,58.402584,1.227234,169.307997,138.905031,0.316129,266.905047,2.288224,0.060302
"20140730","MW1007-104","C4","Sodium Orthovanadate","0.10000","uM","1","DIV9 estimated as median from corresponding wells of 20140205_MW1007-26,20140212_MW1007-27,20140402_MW1007-27,20140423_MW1007-38,20140716_MW1007-26; ",11.483526,17.197809,0.604683,429.767798,6.015167,264.573095,95.25,80.25,288,68.394504,1.215035,99.110808,124.72868,0.323608,233.259957,1.401672,0.039292
"20140716","MW1007-26","C4","Sodium Orthovanadate","0.10000","uM","1","",3.524427,10.321714,0.144922,473.66095,1.528436,372.965014,69.5,59.5,166.5,77.035014,0.801313,143.849317,461.358806,0.212551,370.145658,1.982335,0.031427
"20140212","MW1007-27","F2","Sodium Orthovanadate","0.10000","uM","1","",7.173525,13.718295,0.313864,344.729591,4.304364,130.069311,45,33.5,361,28.252674,0.625666,60.415274,97.765476,0.272898,108.377674,0.607284,0.019898
"20140402","MW1007-27","F2","Sodium Orthovanadate","0.10000","uM","1","",6.072983,12.8975,0.362696,372.974696,3.714179,233.058679,55,43.5,234,48.409121,0.836242,76.520196,333.073173,0.279689,162.361981,0.756442,0.017665
"20140423","MW1007-38","F2","Sodium Orthovanadate","0.10000","uM","1","",9.571147,15.523125,0.253465,321.943393,3.118799,197.688777,85,75,699.5,64.189719,0.798987,120.508661,108.529313,0.344573,166.183796,1.357025,0.041705
"20140205","MW1007-26","F3","Sodium Orthovanadate","0.10000","uM","1","",11.794963,26.632946,0.392683,615.032901,5.622028,149.049318,107,88.5,488,75.923913,1.11498,107.877565,105.042039,0.52039,270.785973,1.758633,0.065679
"20140730","MW1007-104","F4","Sodium Orthovanadate","0.10000","uM","1","DIV9 estimated as median from corresponding wells of 20140205_MW1007-26,20140212_MW1007-27,20140402_MW1007-27,20140423_MW1007-38,20140716_MW1007-26; ",11.234708,25.72938,0.277002,388.386383,3.389665,119.664683,91.75,73.25,523,63.992878,1.077577,101.402456,131.405181,0.403603,184.838815,1.288174,0.059006
"20140716","MW1007-26","F4","Sodium Orthovanadate","0.10000","uM","1","",9.448116,19.596779,0.425434,411.576167,12.721833,95.556478,64.5,47,464,43.243056,0.526057,88.960536,45.851057,0.184259,137.524802,0.773949,0.026355
"20140205","MW1007-26","A3","Acetaminophen","0.30000","uM","1","",8.663253,17.378036,0.263825,596.40599,3.33981,214.646216,112,92.5,495.5,69.701596,0.997045,106.793488,93.071755,0.480896,267.410668,1.821806,0.060555
"20140212","MW1007-27","A3","Acetaminophen","0.30000","uM","1","",9.321953,17.248846,0.421065,310.720188,10.211812,116.119,61.5,42,469,38.515498,0.5885,65.923415,95.310625,0.362458,99.771218,0.680024,0.020902
"20140402","MW1007-27","A3","Acetaminophen","0.30000","uM","1","",11.288389,22.076786,0.327742,597.806177,4.916813,254.570854,113.5,103.5,497,85.228673,1.018563,118.256829,105.429123,0.411387,433.29652,2.510107,0.103814
"20140423","MW1007-38","A3","Acetaminophen","0.30000","uM","1","",9.001316,18.010838,0.209481,336.651705,2.222725,218.917652,78,66.5,937.5,54.353037,0.679519,134.644389,155.87356,0.33443,149.35286,1.427787,0.052044
"20140730","MW1007-104","A4","Bisindolymaleimide 1","0.30000","uM","1","DIV9 estimated as median from corresponding wells of 20140205_MW1007-26,20140212_MW1007-27,20140402_MW1007-27,20140423_MW1007-38,20140716_MW1007-26; ",4.284095,6.243187,0.15745,258.62456,3.016417,173.261712,61,51,138.75,43.380357,0.625305,55.019423,98.801868,0.232477,140.930357,0.854481,0.012693
"20140205","MW1007-26","B4","Bisindolymaleimide 1","0.30000","uM","1","",10.341777,18.10725,0.550503,494.951289,6.108009,324.766661,114,99.5,326,84.754594,1.1186,116.214571,179.374116,0.538079,383.959081,1.861523,0.062591
"20140716","MW1007-26","B4","Bisindolymaleimide 1","0.30000","uM","1","",5.891478,6.645,0.407775,259.371443,4.191443,358.884801,56,38.5,148.5,38.119565,0.658191,44.835215,144.715809,0.215747,114.463768,0.458686,0.009076
"20140212","MW1007-27","B4","Bisindolymaleimide 1","0.30000","uM","1","",7.030595,12.989411,0.483685,399.316219,6.212763,157.737308,71.5,61,289,46.198875,0.654587,59.577413,80.684662,0.298272,161.996331,0.810116,0.029639
"20140402","MW1007-27","B4","Bisindolymaleimide 1","0.30000","uM","1","",9.054403,11.612216,0.412084,543.196594,6.754688,394.472563,123.5,108.5,187,112.438889,1.664648,87.759397,200.835714,1.080884,563.673256,2.292232,0.07767
"20140423","MW1007-38","B4","Bisindolymaleimide 1","0.30000","uM","1","",2.879621,7.089,0.169735,433.457536,2.030714,356.286571,49.5,48,316,51.304569,0.811397,112.016369,1315.166279,0.186154,145.920451,1.210573,0.028208
"20140730","MW1007-104","D4","Bisindolymaleimide 1","0.30000","uM","1","DIV9 estimated as median from corresponding wells of 20140205_MW1007-26,20140212_MW1007-27,20140402_MW1007-27,20140423_MW1007-38,20140716_MW1007-26; ",6.027947,11.408067,0.285504,385.880962,4.076088,216.777269,87.5,73.5,222.25,67.249672,1.125203,73.31788,167.849603,0.419921,168.211043,1.306797,0.022178
"20140716","MW1007-26","E4","Bisindolymaleimide 1","0.30000","uM","1","",6.374904,8.2075,0.593336,291.117833,5.6314,286.804744,67.5,49,249.5,46.293651,0.518281,99.685809,75.233501,0.135668,145.361111,0.950114,0.019946
"20140212","MW1007-27","C6","Domoic Acid","0.30000","uM","1","",2.581945,0,0,0,0,0,5,0,0,0,0,0,0,0,0,-0.001246,1e-06
"20140402","MW1007-27","C6","Domoic Acid","0.30000","uM","1","",5.621429,9.715125,0.414811,518.056205,4.997196,462.948634,94,80.5,111.5,102.225146,1.526574,100.541373,733.693357,0.580974,515.795322,2.139133,0.040426
"20140423","MW1007-38","C6","Domoic Acid","0.30000","uM","1","",2.139968,4.208571,0.026657,117.3135,0.380182,50.410364,40,16.5,77,61.154545,0.569194,112.65853,577.989062,0.092237,266.062338,1.010474,0.011866
"20140716","MW1007-26","A3","Glyphosate","0.30000","uM","1","",11.553319,20.599375,0.434417,443.850135,6.860375,353.453792,87.5,78.5,315,74.350242,0.994743,76.053831,239.887513,0.27794,317.143116,1.200229,0.043871
"20140730","MW1007-104","B3","Glyphosate","0.30000","uM","1","DIV9 estimated as median from corresponding wells of 20140205_MW1007-26,20140212_MW1007-27,20140402_MW1007-27,20140423_MW1007-38,20140716_MW1007-26; ",7.355428,15.216484,0.195817,425.923356,2.966236,190.527482,93,83.5,248.5,80.075,1.127802,107.779772,134.48643,0.315502,369.722543,1.735725,0.048525
"20140716","MW1007-26","D3","Glyphosate","0.30000","uM","1","",7.166988,10.366413,0.270071,327.050909,2.836366,293.96478,81.5,68.5,164,52.886364,0.540664,107.431439,103.922692,0.129152,314.783217,1.330455,0.034513
"20140730","MW1007-104","E3","Glyphosate","0.30000","uM","0","possibly misdosed with Bis 1; DIV9 estimated as median from corresponding wells of 20140205_MW1007-26,20140212_MW1007-27,20140402_MW1007-27,20140423_MW1007-38,20140716_MW1007-26; ",7.979712,18.217231,0.177086,430.581201,2.50909,181.926628,89.5,82.5,300.5,83.943042,1.066508,124.172227,143.78055,0.261479,378.906381,2.075613,0.061175
"20140205","MW1007-26","D3","Loperamide","0.30000","uM","1","",6.01831,15.954375,0.165381,458.800709,1.768442,170.2831,101,84.5,314.5,81.597403,1.166152,137.173338,139.981195,0.387402,337.829437,2.198487,0.068399
"20140212","MW1007-27","D3","Loperamide","0.30000","uM","1","",5.106506,11.7295,0.310585,272.029875,2.869358,206.873958,64.5,54.5,371.5,44.597144,0.627098,73.466073,140.800265,0.21145,142.536765,0.704173,0.018374
"20140402","MW1007-27","D3","Loperamide","0.30000","uM","1","",6.160116,12.399179,0.313404,648.386081,4.19356,336.077521,111.5,104,181.5,106.069729,1.672725,128.902209,690.191098,0.606676,535.328185,2.50744,0.059086
"20140423","MW1007-38","D3","Loperamide","0.30000","uM","1","",7.007932,11.288571,0.187886,439.974536,2.607464,247.933357,67,62,374,61.565986,0.823983,137.580375,206.41161,0.301736,280.235914,1.860712,0.04785
"20140205","MW1007-26","E3","Mevastatin","0.30000","uM","1","",16.427494,20.185125,0.393564,662.859853,15.753629,200.370094,106.5,94.5,149.5,92.319556,2.638514,48.50663,235.914881,0.429544,545.366173,1.97787,0.082465
"20140212","MW1007-27","E3","Mevastatin","0.30000","uM","1","",9.83393,20.176075,0.209536,488.661426,3.423515,152.489247,78.5,78.5,248,79.631389,1.647627,91.558978,148.874128,0.46865,417.919444,1.821219,0.056331
"20140402","MW1007-27","E3","Mevastatin","0.30000","uM","1","",7.247358,13.691688,0.314308,598.136257,5.236659,309.91373,88,79,146.5,79.52381,2.085014,110.022876,237.393986,0.25325,480.26817,2.200523,0.051388
"20140423","MW1007-38","E3","Mevastatin","0.30000","uM","1","",7.15546,12.816429,0.224703,428.711173,4.319769,213.158885,62.5,52.5,182.5,66.11532,1.659254,64.283929,731.480952,0.230997,232.671717,1.226149,0.027673
"20140730","MW1007-104","C5","Sodium Orthovanadate","0.30000","uM","1","DIV9 estimated as median from corresponding wells of 20140205_MW1007-26,20140212_MW1007-27,20140402_MW1007-27,20140423_MW1007-38,20140716_MW1007-26; ",9.601187,17.480625,0.212227,401.745006,3.062661,152.121825,84.5,76,298.25,72.462356,1.447657,96.723532,148.910839,0.507309,257.715638,1.478805,0.045387
"20140716","MW1007-26","C5","Sodium Orthovanadate","0.30000","uM","1","",8.063692,15.181705,0.40034,427.020058,9.170555,137.204737,66,50.5,177.5,60.34204,0.964853,91.252591,90.903096,0.107363,292.262438,1.202543,0.032679
"20140212","MW1007-27","F3","Sodium Orthovanadate","0.30000","uM","1","",12.805719,16.522364,0.392943,313.31285,23.783933,158.593467,71,53.5,408.5,46.477625,0.661518,77.393653,161.285872,0.376401,171.814114,0.851334,0.032886
"20140402","MW1007-27","F3","Sodium Orthovanadate","0.30000","uM","1","",10.924892,19.720909,0.39533,548.294049,4.794304,233.861594,119.5,102,369.5,80.968725,1.069654,128.542434,142.723842,0.639061,483.548378,2.407405,0.085462
"20140423","MW1007-38","F3","Sodium Orthovanadate","0.30000","uM","1","",5.424046,12.461538,0.304774,301.017978,2.378896,250.480764,57.5,41,511.5,29.224012,0.359301,115.172922,27.873328,0.149759,73.283611,0.887532,0.025153
"20140205","MW1007-26","F4","Sodium Orthovanadate","0.30000","uM","1","",11.588481,23.098375,0.415089,496.549179,4.279268,181.892978,109,94.5,430.5,75.716773,1.249067,99.939261,93.802133,0.55019,311.367212,1.78768,0.074099
"20140730","MW1007-104","F5","Sodium Orthovanadate","0.30000","uM","1","DIV9 estimated as median from corresponding wells of 20140205_MW1007-26,20140212_MW1007-27,20140402_MW1007-27,20140423_MW1007-38,20140716_MW1007-26; ",16.918978,56.552411,0.808625,564.777272,7.418901,162.149452,84.5,80.5,374.25,77.075959,1.089779,111.146928,120.41079,0.398633,304.258359,1.777112,0.064072
"20140716","MW1007-26","F5","Sodium Orthovanadate","0.30000","uM","1","",13.463784,23.536945,0.467291,300.980483,9.782583,130.2974,69,59,583.5,57.687666,0.870255,56.554322,1171.900061,0.390163,176.709141,0.640039,0.030109
"20140205","MW1007-26","A4","Acetaminophen","1.00000","uM","1","",11.076049,22.510179,0.512381,663.164979,13.324729,200.480354,109.5,90.5,409,74.736639,1.219903,83.886786,121.698266,0.617063,237.52112,1.711616,0.053405
"20140212","MW1007-27","A4","Acetaminophen","1.00000","uM","1","",9.361185,13.65274,0.427773,407.821777,34.1785,148.380315,64.5,57,568.5,56.547741,0.686761,71.628678,1423.13114,0.19499,125.40707,0.666472,0.023427
"20140402","MW1007-27","A4","Acetaminophen","1.00000","uM","1","",10.289531,18.142625,0.375418,526.879243,4.937019,356.151052,119,100.5,402.5,98.05291,1.516197,118.128709,651.09384,0.696625,409.972455,2.06166,0.074378
"20140423","MW1007-38","A4","Acetaminophen","1.00000","uM","1","",3.762247,7.8,0.292202,299.609067,2.291694,336.212239,45,39.5,281,39.691567,0.583339,106.30546,105.740464,0.132623,128.302013,1.248686,0.023612
"20140730","MW1007-104","A5","Bisindolymaleimide 1","1.00000","uM","1","DIV9 estimated as median from corresponding wells of 20140205_MW1007-26,20140212_MW1007-27,20140402_MW1007-27,20140423_MW1007-38,20140716_MW1007-26; ",3.709401,8.192604,0.228764,267.993606,3.492625,192.33892,51.5,36.5,61.75,40.209365,0.75685,21.388027,245.222396,0.249288,93.803309,0.567309,0.003747
"20140205","MW1007-26","B5","Bisindolymaleimide 1","1.00000","uM","1","",8.823266,12.58875,0.298716,384.48829,5.311201,229.389027,107,78,271,81.076313,1.182222,89.591875,293.313731,0.562577,310.313553,1.522128,0.049074
"20140716","MW1007-26","B5","Bisindolymaleimide 1","1.00000","uM","1","",5.915559,8.143846,0.223172,222.965708,3.242125,212.601417,45,33,91.5,37.120773,0.694266,23.455693,284.083958,0.241161,104.109903,0.449902,0.004622
"20140212","MW1007-27","B5","Bisindolymaleimide 1","1.00000","uM","1","",8.444669,13.414904,0.522767,259.71755,5.57805,196.52475,60.5,49.5,569.5,38.505445,0.647451,61.555422,101.863425,0.290785,104.193966,0.588733,0.019657
"20140402","MW1007-27","B5","Bisindolymaleimide 1","1.00000","uM","1","",11.369435,17.437946,0.552788,422.438799,7.472862,281.877705,111.5,89.5,301.5,74.845006,1.637768,44.453275,191.216436,1.1016,201.828563,1.4563,0.050756
"20140423","MW1007-38","B5","Bisindolymaleimide 1","1.00000","uM","1","",2.433175,4.954615,0.161625,284.403625,2.4685,278.44175,38,33,119.5,40.464286,0.54375,72.572832,246.4625,0.113122,120.940476,1.018268,0.010211
"20140730","MW1007-104","D5","Bisindolymaleimide 1","1.00000","uM","1","DIV9 estimated as median from corresponding wells of 20140205_MW1007-26,20140212_MW1007-27,20140402_MW1007-27,20140423_MW1007-38,20140716_MW1007-26; ",5.954228,9.881835,0.256833,445.459151,3.27267,299.263466,55,38.5,99.25,42.318609,0.738309,45.256205,194.030894,0.313461,127.977679,0.926405,0.01274
"20140716","MW1007-26","E5","Bisindolymaleimide 1","1.00000","uM","1","",5.257775,13.059333,0.342865,346.025375,3.6655,343.43175,58.5,33,78.5,40.346154,0.594891,24.170459,278.646241,0.118568,116.350962,0.421663,0.003883
"20140212","MW1007-27","C7","Domoic Acid","1.00000","uM","1","",4.465059,4.794231,0.25452,301.884313,3.460875,335.389062,52.5,40,44.5,68.666667,0.762952,42.684532,821.567361,0.242115,254,0.781847,0.005475
"20140402","MW1007-27","C7","Domoic Acid","1.00000","uM","1","",5.631605,8.46625,0.234204,364.795625,3.49825,338.731594,100.5,66,134,91.366667,1.361251,95.752636,486.494517,0.490106,521.536905,1.905872,0.044034
"20140423","MW1007-38","C7","Domoic Acid","1.00000","uM","1","",2.318576,4.183455,0.136238,237.294643,1.815786,294.722071,56,38.5,83.5,73.555195,0.662817,116.640943,528.190278,0.128359,298.581169,1.102024,0.012479
"20140716","MW1007-26","A4","Glyphosate","1.00000","uM","1","",10.455828,15.183,0.544148,120.562083,4.140125,117.192875,36.5,25.5,166.5,16.243243,0.199345,12.523806,12.088636,0.076946,33.175676,0.095853,0.002783
"20140730","MW1007-104","B4","Glyphosate","1.00000","uM","1","DIV9 estimated as median from corresponding wells of 20140205_MW1007-26,20140212_MW1007-27,20140402_MW1007-27,20140423_MW1007-38,20140716_MW1007-26; ",9.582032,19.221442,0.3912,367.748827,3.134446,185.644837,64.5,54.25,194.5,63.77641,1.009748,81.50371,168.58468,0.237885,233.602692,1.194634,0.024554
"20140716","MW1007-26","D4","Glyphosate","1.00000","uM","1","",4.609591,10.70275,0.257744,421.26359,2.592622,189.71125,64,51.5,193.5,50.940075,0.579264,93.896372,96.674,0.120909,225.773876,1.191429,0.027022
"20140730","MW1007-104","E4","Glyphosate","1.00000","uM","0","possibly misdosed with Bis 1; DIV9 estimated as median from corresponding wells of 20140205_MW1007-26,20140212_MW1007-27,20140402_MW1007-27,20140423_MW1007-38,20140716_MW1007-26; ",8.944533,18.126875,0.913025,394.318616,6.102818,382.000674,86.5,73.25,226.5,79.121212,1.079003,89.304184,168.930402,0.214305,330.193182,1.542257,0.045139
"20140205","MW1007-26","D4","Loperamide","1.00000","uM","1","",2.277329,7.713625,0.106087,514.876936,1.206026,258.036141,68.5,59,135.5,75.409511,0.806224,172.663923,765.833571,0.174871,383.065295,2.409326,0.036688
"20140212","MW1007-27","D4","Loperamide","1.00000","uM","1","",2.031519,7.148864,0.119581,357.272082,1.572655,159.883445,51.5,50,129.5,55.996957,0.637338,110.216014,149.579194,0.112888,221.332657,1.473259,0.021188
"20140402","MW1007-27","D4","Loperamide","1.00000","uM","1","",3.512587,8.339375,0.064803,384.752021,1.780969,197.775521,63.5,61.5,131.5,88.907792,1.055084,177.425918,417.455021,0.370866,457.198701,2.255012,0.052685
"20140423","MW1007-38","D4","Loperamide","1.00000","uM","1","",0.926847,3.653571,0.134373,308.457063,1.055929,265.851116,35.5,29.5,73,60.346154,0.346729,195.341809,225.819391,0.058632,227.794872,1.787767,0.009157
"20140205","MW1007-26","E4","Mevastatin","1.00000","uM","1","",4.629261,11.282967,0.284689,214.247288,2.425115,141.121712,43,29.5,37.5,18.6,0.546476,7.555377,53.81875,0.107671,41.34,0.190975,0.002618
"20140212","MW1007-27","E4","Mevastatin","1.00000","uM","1","",11.381115,37.29,0.476811,215.59025,4.1655,16.66725,8,5.5,0,0,0,0,0,0,0,0.014118,3.8e-05
"20140402","MW1007-27","E4","Mevastatin","1.00000","uM","1","",9.257592,10.88875,0.475184,541.751448,7.903812,313.289729,86,72.5,102,62.809524,1.31598,75.187323,142.7875,0.210675,348.121212,1.806467,0.044285
"20140423","MW1007-38","E4","Mevastatin","1.00000","uM","1","",4.768025,1.89,0.030733,132.2094,0.3876,69.7776,12,7.5,27,13.166667,0.271612,33.072024,72.335294,0.05743,37.5,0.592038,0.003952
"20140730","MW1007-104","C6","Sodium Orthovanadate","1.00000","uM","1","DIV9 estimated as median from corresponding wells of 20140205_MW1007-26,20140212_MW1007-27,20140402_MW1007-27,20140423_MW1007-38,20140716_MW1007-26; ",6.459808,12.365165,0.194079,410.432012,3.362299,254.845882,84.5,77,243.5,71.497835,1.037999,111.654796,159.166284,0.287462,250.263528,1.715286,0.031101
"20140716","MW1007-26","C6","Sodium Orthovanadate","1.00000","uM","1","",7.241581,16.633661,0.307095,329.627024,3.286286,250.790161,80.5,57,285.5,62.512605,1.054146,84.836429,64.281041,0.178449,233.596639,1.032469,0.033105
"20140212","MW1007-27","F4","Sodium Orthovanadate","1.00000","uM","1","",6.835487,15.032143,0.4379,249.548335,3.775659,218.689972,50,38.5,576,35.680861,0.540637,68.257395,175.696901,0.195639,112.636447,0.567012,0.020493
"20140402","MW1007-27","F4","Sodium Orthovanadate","1.00000","uM","1","",14.00196,19.706964,0.437249,596.663107,14.361704,236.243842,112,102,412,81.343985,1.065637,114.628718,178.338729,0.734216,535.414004,2.461043,0.084541
"20140423","MW1007-38","F4","Sodium Orthovanadate","1.00000","uM","1","",1.985649,5.472121,0.132809,228.9962,0.969317,174.219667,41,30,120.5,39.215696,0.425292,82.411595,119.559167,0.103778,109.745322,0.943958,0.006476
"20140205","MW1007-26","F5","Sodium Orthovanadate","1.00000","uM","1","",16.397117,29.288839,0.485794,461.52546,6.646821,143.424857,104.5,94.5,488,78.177707,1.289821,77.040088,98.525775,0.651009,273.359152,1.571752,0.072062
"20140730","MW1007-104","F6","Sodium Orthovanadate","1.00000","uM","1","DIV9 estimated as median from corresponding wells of 20140205_MW1007-26,20140212_MW1007-27,20140402_MW1007-27,20140423_MW1007-38,20140716_MW1007-26; ",9.133389,19.272381,0.312112,358.794333,3.699783,154.474097,75.5,65,392.5,63.932453,0.939958,97.934706,345.332414,0.281273,203.656444,1.3052,0.046268
"20140716","MW1007-26","F6","Sodium Orthovanadate","1.00000","uM","1","",11.346283,19.251429,0.549246,262.281142,5.87585,103.175117,73,54.5,508,45.397059,0.677246,52.06514,60.391354,0.220851,151.514706,0.582572,0.023893
"20140205","MW1007-26","A6","Acetaminophen","10.00000","uM","1","",12.396637,21.590089,0.592727,457.004258,6.157469,231.744365,113.5,99,485,78.61307,1.216585,91.996048,99.256463,0.667057,287.405283,1.849349,0.071388
"20140402","MW1007-27","A6","Acetaminophen","10.00000","uM","1","",9.909658,17.59125,0.248096,660.447713,4.778985,307.742377,108.5,99,320.5,83.393143,1.143573,122.503863,122.789591,0.434147,497.742703,2.68264,0.09959
"20140423","MW1007-38","A6","Acetaminophen","10.00000","uM","1","",5.296427,12.092308,0.152709,302.488986,1.378333,222.921153,53.5,42.5,321,55.971875,0.856265,127.474949,269.937913,0.229377,183.390625,1.369107,0.033343
"20140212","MW1007-27","A7","Acetaminophen","10.00000","uM","1","",10.029821,21.473125,0.354191,404.569625,4.789177,123.645688,73.5,63.5,664.5,34.523716,0.450749,80.47566,39.370306,0.232162,114.068024,0.923563,0.036631
"20140730","MW1007-104","A7","Bisindolymaleimide 1","10.00000","uM","1","DIV9 estimated as median from corresponding wells of 20140205_MW1007-26,20140212_MW1007-27,20140402_MW1007-27,20140423_MW1007-38,20140716_MW1007-26; ",0,0,0,0,0,0,0,0,0,0,0,0,0,0,0,0,0
"20140205","MW1007-26","B7","Bisindolymaleimide 1","10.00000","uM","1","",0,0,0,0,0,0,0,0,0,0,0,0,0,0,0,0,0
"20140212","MW1007-27","B7","Bisindolymaleimide 1","10.00000","uM","1","",0,0,0,0,0,0,0,0,0,0,0,0,0,0,0,0,0
"20140402","MW1007-27","B7","Bisindolymaleimide 1","10.00000","uM","1","",0,0,0,0,0,0,0,0,0,0,0,0,0,0,0,0,0
"20140423","MW1007-38","B7","Bisindolymaleimide 1","10.00000","uM","1","",0,0,0,0,0,0,0,0,0,0,0,0,0,0,0,0,0
"20140716","MW1007-26","B8","Bisindolymaleimide 1","10.00000","uM","1","",1.713892,0.15,0,0,0,0,2.5,0,0,0,0,0,0,0,0,0,0
"20140730","MW1007-104","D7","Bisindolymaleimide 1","10.00000","uM","1","DIV9 estimated as median from corresponding wells of 20140205_MW1007-26,20140212_MW1007-27,20140402_MW1007-27,20140423_MW1007-38,20140716_MW1007-26; ",0,0,0,0,0,0,0,0,0,0,0,0,0,0,0,0,0
"20140716","MW1007-26","E7","Bisindolymaleimide 1","10.00000","uM","1","",0,0,0,0,0,0,0,0,0,0,0,0,0,0,0,0,0
"20140716","MW1007-26","A6","Glyphosate","10.00000","uM","1","",2.544339,5.475,0.160279,148.902357,1.288464,120.8305,30.5,15.5,434.5,26.722527,0.37574,75.800915,234.080055,0.112261,57.282967,0.597803,0.013834
"20140730","MW1007-104","B6","Glyphosate","10.00000","uM","1","DIV9 estimated as median from corresponding wells of 20140205_MW1007-26,20140212_MW1007-27,20140402_MW1007-27,20140423_MW1007-38,20140716_MW1007-26; ",2.45371,8.427818,0.202286,404.300567,1.608244,222.646167,51,40.5,126.25,52.150641,0.850675,97.517578,180.558173,0.12688,153.892094,1.297875,0.016341
"20140716","MW1007-26","D6","Glyphosate","10.00000","uM","1","",3.023383,9.676136,0.183106,462.630205,1.699386,307.605227,51.5,45.5,162,47.47619,0.57078,140.120456,103.292556,0.10557,202.539683,1.797192,0.026147
"20140730","MW1007-104","E6","Glyphosate","10.00000","uM","0","possibly misdosed with Bis 1; DIV9 estimated as median from corresponding wells of 20140205_MW1007-26,20140212_MW1007-27,20140402_MW1007-27,20140423_MW1007-38,20140716_MW1007-26; ",3.295368,6.825818,0.259289,346.576275,2.6941,258.0099,48.5,39.5,107.75,43.598577,0.590429,82.811097,187.100048,0.172845,163.363482,1.113372,0.018099
"20140205","MW1007-26","D6","Loperamide","10.00000","uM","1","",0,0,0,0,0,0,0,0,0,0,0,0,0,0,0,0,0
"20140212","MW1007-27","D6","Loperamide","10.00000","uM","1","",0,0,0,0,0,0,0,0,0,0,0,0,0,0,0,0,0
"20140402","MW1007-27","D6","Loperamide","10.00000","uM","1","",0,0,0,0,0,0,0,0,0,0,0,0,0,0,0,0,0
"20140423","MW1007-38","D6","Loperamide","10.00000","uM","1","",0,0,0,0,0,0,0,0,0,0,0,0,0,0,0,0,0
"20140205","MW1007-26","E6","Mevastatin","10.00000","uM","1","",12.175169,0.05,0,0,0,0,9.5,0,0,0,0,0,0,0,0,0.00183,3e-06
"20140212","MW1007-27","E6","Mevastatin","10.00000","uM","1","",0,0,0,0,0,0,0,0,0,0,0,0,0,0,0,0,0
"20140402","MW1007-27","E6","Mevastatin","10.00000","uM","1","",1.880001,1.17,0.175634,8.511,0.7605,83.7735,1.5,1.5,0,0,0,0,0,0,0,0,0
"20140423","MW1007-38","E6","Mevastatin","10.00000","uM","1","",0,0,0,0,0,0,0,0,0,0,0,0,0,0,0,0,0
"20140730","MW1007-104","C8","Sodium Orthovanadate","10.00000","uM","1","DIV9 estimated as median from corresponding wells of 20140205_MW1007-26,20140212_MW1007-27,20140402_MW1007-27,20140423_MW1007-38,20140716_MW1007-26; ",8.01782,25.845,0.538741,482.563909,3.967476,272.598464,40.5,34,54.25,32.642857,0.583616,15.005513,188.49181,0.126826,107.892857,0.338155,0.005755
"20140716","MW1007-26","C8","Sodium Orthovanadate","10.00000","uM","1","",8.808486,15.774107,0.427526,162.629,3.607,46.027333,49.5,21,427,34.991906,0.423357,35.885281,452.126805,0.103925,91.429856,0.338774,0.016392
"20140212","MW1007-27","F6","Sodium Orthovanadate","10.00000","uM","1","",5.245899,11.46989,0.275074,198.743833,2.23275,122.099667,53,28.5,375.5,34.305785,0.460301,60.300659,399.644191,0.102817,98.836777,0.428785,0.018136
"20140402","MW1007-27","F6","Sodium Orthovanadate","10.00000","uM","1","",7.831385,19.137857,0.160958,454.023519,1.955585,133.157008,96.5,82,298.5,75.123371,1.013371,132.498068,116.837495,0.385719,384.888409,2.287439,0.069233
"20140423","MW1007-38","F6","Sodium Orthovanadate","10.00000","uM","1","",3.751355,6.958929,0.524456,239.250893,3.151321,260.085036,63,48,306,38.22619,0.557805,94.45801,80.02784,0.30256,99.501082,1.017076,0.018769
"20140205","MW1007-26","F7","Sodium Orthovanadate","10.00000","uM","1","",11.757085,27.779464,0.600238,385.218719,4.700312,310.888625,95.5,70.5,512.5,45.682759,0.587334,56.560882,74.243671,0.228798,136.460679,0.760998,0.027807
"20140730","MW1007-104","F8","Sodium Orthovanadate","10.00000","uM","1","DIV9 estimated as median from corresponding wells of 20140205_MW1007-26,20140212_MW1007-27,20140402_MW1007-27,20140423_MW1007-38,20140716_MW1007-26; ",5.573824,12.159,0.209958,243.334809,1.934976,103.251964,53.5,42.5,172.75,43.075581,0.620543,60.039419,86.66784,0.173772,161.127907,0.732141,0.020306
"20140716","MW1007-26","F8","Sodium Orthovanadate","10.00000","uM","1","",12.752196,10.545,0.429174,249.388,127.085,39.9685,48,23,277.5,14.837838,0.120716,16.713298,7.209783,0.054814,27.445946,0.172268,0.005247
"20140716","MW1007-26","A8","Glyphosate","100.00000","uM","1","",4.658054,11.967115,0.118697,243.50475,1.325625,141.387562,58.5,49,660.5,46.603964,0.483051,127.021643,68.519506,0.139779,159.158003,1.091002,0.033216
"20140730","MW1007-104","B8","Glyphosate","100.00000","uM","1","DIV9 estimated as median from corresponding wells of 20140205_MW1007-26,20140212_MW1007-27,20140402_MW1007-27,20140423_MW1007-38,20140716_MW1007-26; ",1.279817,2.582308,0.078058,145.988125,0.982333,119.099292,28.75,20,63.75,27.964286,0.338645,47.284874,99.449877,0.074744,102.169643,0.445456,0.006276
"20140716","MW1007-26","D8","Glyphosate","100.00000","uM","1","",6.352039,10.456615,0.488578,251.098125,3.509417,309.423583,54.5,35,154,42.644737,0.561044,66.641371,150.942667,0.16531,186.388158,0.670197,0.018618
"20140730","MW1007-104","E8","Glyphosate","100.00000","uM","1","DIV9 estimated as median from corresponding wells of 20140205_MW1007-26,20140212_MW1007-27,20140402_MW1007-27,20140423_MW1007-38,20140716_MW1007-26; ",6.206413,14.673165,0.235529,371.391192,2.7589,221.572158,67.75,54.5,267.25,64.851442,0.969835,112.87526,199.442933,0.263617,246.176982,1.492201,0.040274
"20140205","MW1007-26","A5","Acetaminophen","3.00000","uM","1","",9.214799,13.584,0.215305,426.1764,4.195733,178.240867,97.5,84,269,78.876253,1.420983,87.049563,142.417584,0.919173,344.735646,1.626691,0.050836
"20140212","MW1007-27","A5","Acetaminophen","3.00000","uM","1","",0,0,0,0,0,0,0,0,0,0,0,0,0,0,0,0,0
"20140402","MW1007-27","A5","Acetaminophen","3.00000","uM","1","",10.158622,18.615,0.19111,673.13776,3.803458,345.690073,136,133.5,335.5,119.745307,1.853449,170.502911,320.913045,0.614948,886.963414,3.318437,0.097468
"20140423","MW1007-38","A5","Acetaminophen","3.00000","uM","1","",5.765304,12.358125,0.283942,338.713521,2.427135,258.579208,89,76,650,62.820409,0.669557,154.226835,119.847465,0.330349,190.189847,1.566724,0.043083
"20140730","MW1007-104","A6","Bisindolymaleimide 1","3.00000","uM","1","DIV9 estimated as median from corresponding wells of 20140205_MW1007-26,20140212_MW1007-27,20140402_MW1007-27,20140423_MW1007-38,20140716_MW1007-26; ",0.996079,1.875,0.08737,120.806458,0.91525,193.569208,7.5,6.25,13.75,22,0.325883,20.54497,366.3125,0.047299,58,0.227035,0.000209
"20140205","MW1007-26","B6","Bisindolymaleimide 1","3.00000","uM","1","",1.807365,3.890625,0.151414,280.160844,1.77325,265.551125,54,49,71.5,52.538462,0.825665,55.698603,221.68925,0.248854,176.923077,0.927408,0.007836
"20140716","MW1007-26","B6","Bisindolymaleimide 1","3.00000","uM","1","",2.360513,5.682,0.096834,177.44709,0.848692,261.525423,30,27,91.5,39.176471,0.597039,46.316318,444.3795,0.181006,105.779412,0.617467,0.008248
"20140212","MW1007-27","B6","Bisindolymaleimide 1","3.00000","uM","1","",0.664111,0.432,0.086057,70.804,0.498,116.9265,17.5,4.5,10.5,14.142857,0.132668,9.900701,189.3125,0.022777,24.214286,0.077725,0
"20140402","MW1007-27","B6","Bisindolymaleimide 1","3.00000","uM","1","",3.437927,5.855,0.218105,440.885896,3.416896,406.330417,73.5,65.5,125,70.796849,1.217779,60.425807,263.740341,0.328997,326.810945,1.354858,0.025282
"20140423","MW1007-38","B6","Bisindolymaleimide 1","3.00000","uM","1","",1.455246,5.234615,0.179514,258.174538,1.426058,228.179519,27,24.5,47,30.304348,0.417908,42.134529,421.781818,0.107648,91.108696,0.469161,0.004404
"20140730","MW1007-104","D6","Bisindolymaleimide 1","3.00000","uM","1","DIV9 estimated as median from corresponding wells of 20140205_MW1007-26,20140212_MW1007-27,20140402_MW1007-27,20140423_MW1007-38,20140716_MW1007-26; ",1.76508,4.293,0.118361,247.719258,1.35835,247.007208,30,28.75,57.25,41.913793,0.665399,54.398459,409.378571,0.178424,138.793103,0.772339,0.008466
"20140716","MW1007-26","E6","Bisindolymaleimide 1","3.00000","uM","1","",3.525317,3.7925,0.053012,77.238,0.588167,37.486167,28,13.5,77,38.744186,0.580305,37.507542,453.603571,0.130711,106.348837,0.372755,0.005528
"20140716","MW1007-26","A5","Glyphosate","3.00000","uM","1","",10.283799,21.598143,0.353631,372.285269,5.948308,131.285985,63.5,59,312.5,50.518866,0.657015,89.838453,51.144318,0.188422,213.690295,1.115307,0.037079
"20140730","MW1007-104","B5","Glyphosate","3.00000","uM","1","DIV9 estimated as median from corresponding wells of 20140205_MW1007-26,20140212_MW1007-27,20140402_MW1007-27,20140423_MW1007-38,20140716_MW1007-26; ",7.558798,20.098821,0.247191,404.631327,2.307185,182.219933,82.75,73.25,342,65.147195,1.155354,98.367371,130.41737,0.311825,211.889145,1.362456,0.033678
"20140716","MW1007-26","D5","Glyphosate","3.00000","uM","1","",2.609602,5.94,0.216955,379.689958,2.106375,390.546083,34.5,27.5,92.5,37.7375,0.45615,88.9391,171.020833,0.134172,99.858929,1.206305,0.009657
"20140730","MW1007-104","E5","Glyphosate","3.00000","uM","0","possibly misdosed with Bis 1; DIV9 estimated as median from corresponding wells of 20140205_MW1007-26,20140212_MW1007-27,20140402_MW1007-27,20140423_MW1007-38,20140716_MW1007-26; ",5.099486,8.659071,0.286031,372.06053,3.640018,270.419505,67.75,59.25,168.5,67.372665,0.954873,76.431481,287.955748,0.258594,201.40261,1.108353,0.019087
"20140205","MW1007-26","D5","Loperamide","3.00000","uM","1","",0.429881,2.063571,0.066257,126.473786,0.583179,68.963357,21,21,72,20.21875,0.110007,87.530662,25.265426,0.03362,66.90625,0.772986,0.006671
"20140212","MW1007-27","D5","Loperamide","3.00000","uM","1","",0,0,0,0,0,0,0,0,0,0,0,0,0,0,0,0,0
"20140402","MW1007-27","D5","Loperamide","3.00000","uM","1","",0,0,0,0,0,0,0,0,0,0,0,0,0,0,0,0,0
"20140423","MW1007-38","D5","Loperamide","3.00000","uM","1","",0,0,0,0,0,0,0,0,0,0,0,0,0,0,0,0,0
"20140205","MW1007-26","E5","Mevastatin","3.00000","uM","1","",4.774113,14.05,0.55959,236.7345,2.8445,172.8245,25,6,0,0,0,0,0,0,0,-0.005519,2e-06
"20140212","MW1007-27","E5","Mevastatin","3.00000","uM","1","",14.226393,9.51,0.450314,279.079,16.75,62.4905,9.5,4,0,0,0,0,0,0,0,-0.001877,5e-06
"20140402","MW1007-27","E5","Mevastatin","3.00000","uM","1","",10.01541,14.016818,0.44935,227.121227,3.790818,164.077,28.5,21,60,16.2,0.344283,34.789846,32.653846,0.248252,62.7,0.559332,0.0092
"20140423","MW1007-38","E5","Mevastatin","3.00000","uM","1","",11.178396,0.15,0,0,0,0,4.5,0,0,0,0,0,0,0,0,0,0
"20140730","MW1007-104","C7","Sodium Orthovanadate","3.00000","uM","1","DIV9 estimated as median from corresponding wells of 20140205_MW1007-26,20140212_MW1007-27,20140402_MW1007-27,20140423_MW1007-38,20140716_MW1007-26; ",10.099949,15.611333,0.946628,372.310875,6.252915,344.053774,66,54.5,197.25,61.508484,0.939937,75.068086,537.909658,0.33311,203.013912,1.029983,0.025936
"20140716","MW1007-26","C7","Sodium Orthovanadate","3.00000","uM","1","",8.927662,11.460462,0.189471,457.36567,2.14261,324.901137,65.5,55.5,196.5,64.384615,0.802576,106.576647,81.808874,0.159408,272.598635,1.261468,0.032013
"20140212","MW1007-27","F5","Sodium Orthovanadate","3.00000","uM","1","",13.291012,14.07381,0.488427,393.92925,59.713292,112.093292,49.5,35,392,36.725806,0.483549,46.938905,283.225029,0.151116,109.947581,0.371055,0.013121
"20140402","MW1007-27","F5","Sodium Orthovanadate","3.00000","uM","1","",15.509433,23.687727,0.419839,360.429142,6.422489,167.622648,47.5,38.5,145.5,43.244518,0.683051,80.043643,113.016615,0.220121,178.593202,1.119688,0.028803
"20140423","MW1007-38","F5","Sodium Orthovanadate","3.00000","uM","1","",3.712023,3.642857,0.097256,266.33475,1.185,188.625,25,11,41.5,24.211538,0.433542,34.505896,51.693,0.042695,54.423077,0.55084,0
"20140205","MW1007-26","F6","Sodium Orthovanadate","3.00000","uM","1","",15.784227,24.637308,0.610726,456.08875,6.413988,171.228381,94.5,79,408,63.448631,1.370342,64.962652,247.376549,0.588283,243.789736,1.278008,0.048391
"20140730","MW1007-104","F7","Sodium Orthovanadate","3.00000","uM","1","DIV9 estimated as median from corresponding wells of 20140205_MW1007-26,20140212_MW1007-27,20140402_MW1007-27,20140423_MW1007-38,20140716_MW1007-26; ",6.110511,8.156958,0.30025,244.807844,7.357103,123.428087,29,21.5,43.75,24.322917,0.437232,14.823441,91.288043,0.166739,76.122159,0.263484,0.003668
"20140716","MW1007-26","F7","Sodium Orthovanadate","3.00000","uM","1","",9.664611,14.403312,0.621017,213.931253,6.17825,303.677061,56.5,45.5,150.5,40.042129,0.787948,29.73465,197.324074,0.407428,145.956208,0.354918,0.012806
"20140212","MW1007-27","A6","Acetaminophen","30.00000","uM","1","",11.720683,24.647411,0.768159,422.374036,6.809019,194.000949,78,65,516,52.728672,0.777443,64.998712,306.585357,0.374217,131.269561,0.734636,0.023445
"20140205","MW1007-26","A7","Acetaminophen","30.00000","uM","1","",8.437619,22.268798,0.204094,464.457948,2.87324,153.759417,100,85.5,513,79.370243,1.04289,121.937724,98.887501,0.377144,281.547051,1.884006,0.070162
"20140402","MW1007-27","A7","Acetaminophen","30.00000","uM","1","",11.171886,19.61625,0.301157,566.313619,4.768494,313.233992,108.5,104,260,100.35112,1.376779,100.759492,424.47955,0.504695,508.631489,2.466941,0.07808
"20140423","MW1007-38","A7","Acetaminophen","30.00000","uM","1","",3.441657,9.164685,0.099942,274.26725,0.887,104.895688,51,38,267,37.839246,0.525603,89.464173,79.800871,0.155658,104.189948,1.036249,0.018043
"20140716","MW1007-26","A7","Glyphosate","30.00000","uM","1","",12.75749,26.720769,0.475007,394.753,25.411625,148.4935,38.5,30,124.5,29.621795,0.481948,32.731006,642.575,0.129531,90.365385,0.361096,0.008697
"20140730","MW1007-104","B7","Glyphosate","30.00000","uM","1","DIV9 estimated as median from corresponding wells of 20140205_MW1007-26,20140212_MW1007-27,20140402_MW1007-27,20140423_MW1007-38,20140716_MW1007-26; ",8.91444,17.631,0.322898,389.504829,13.264113,181.475267,65,52,194,49.635977,0.847373,123.330609,659.673079,0.194993,165.377931,1.362787,0.021092
"20140716","MW1007-26","D7","Glyphosate","30.00000","uM","1","",1.272117,4.223571,0.110463,315.009917,0.879417,226.8,48,38.5,131,50.181698,0.344778,220.450861,103.259774,0.0542,187.814324,2.120917,0.010839
"20140730","MW1007-104","E7","Glyphosate","30.00000","uM","1","DIV9 estimated as median from corresponding wells of 20140205_MW1007-26,20140212_MW1007-27,20140402_MW1007-27,20140423_MW1007-38,20140716_MW1007-26; ",3.218939,2.445,0.133387,175.070062,11.371812,128.49,20,17.5,40,20.545977,0.259415,67.660146,347.647321,0.058914,55.387931,0.654545,0.000161
"20140205","MW1007-26","D7","Loperamide","30.00000","uM","1","",0,0,0,0,0,0,0,0,0,0,0,0,0,0,0,0,0
"20140212","MW1007-27","D7","Loperamide","30.00000","uM","1","",0,0,0,0,0,0,0,0,0,0,0,0,0,0,0,0,0
"20140402","MW1007-27","D7","Loperamide","30.00000","uM","1","",0,0,0,0,0,0,0,0,0,0,0,0,0,0,0,0,0
"20140423","MW1007-38","D7","Loperamide","30.00000","uM","1","",0,0,0,0,0,0,0,0,0,0,0,0,0,0,0,0,0
"20140205","MW1007-26","E7","Mevastatin","30.00000","uM","1","",0,0,0,0,0,0,0,0,0,0,0,0,0,0,0,0,0
"20140212","MW1007-27","E7","Mevastatin","30.00000","uM","1","",0,0,0,0,0,0,0,0,0,0,0,0,0,0,0,0,0
"20140402","MW1007-27","E7","Mevastatin","30.00000","uM","1","",0,0,0,0,0,0,0,0,0,0,0,0,0,0,0,0,0
"20140423","MW1007-38","E7","Mevastatin","30.00000","uM","1","",0,0,0,0,0,0,0,0,0,0,0,0,0,0,0,0,0
"20140212","MW1007-27","F7","Sodium Orthovanadate","30.00000","uM","1","",8.256484,17.355,0.565371,169.478667,4.5145,27.5155,28.5,12,0,0,0,0,0,0,0,-0.000588,6e-05
"20140402","MW1007-27","F7","Sodium Orthovanadate","30.00000","uM","1","",8.939794,25.37125,0.68679,408.347354,5.533308,222.916202,93,70.5,204.5,51.75113,0.797089,47.478028,85.139605,0.204277,153.510166,0.624216,0.01284
"20140423","MW1007-38","F7","Sodium Orthovanadate","30.00000","uM","1","",0,0,0,0,0,0,0,0,0,0,0,0,0,0,0,0,0
